[2026-09-21 07:28:12Z INFO HostContext] No proxy settings were found based on environmental variables (http_proxy/https_proxy/HTTP_PROXY/HTTPS_PROXY)
[2026-09-21 07:28:12Z INFO HostContext] Well known directory 'Bin': 'C:\Users\SHAIKH SALAHUDDIN\OneDrive - Noventiq Global AI Solutions Private Limited\Desktop\app service\gha\bin'
[2026-09-21 07:28:12Z INFO HostContext] Well known directory 'Root': 'C:\Users\SHAIKH SALAHUDDIN\OneDrive - Noventiq Global AI Solutions Private Limited\Desktop\app service\gha'
[2026-09-21 07:28:12Z INFO HostContext] Well known config file 'Credentials': 'C:\Users\SHAIKH SALAHUDDIN\OneDrive - Noventiq Global AI Solutions Private Limited\Desktop\app service\gha\.credentials'
[2026-09-21 07:28:12Z INFO HostContext] Well known directory 'Bin': 'C:\Users\SHAIKH SALAHUDDIN\OneDrive - Noventiq Global AI Solutions Private Limited\Desktop\app service\gha\bin'
[2026-09-21 07:28:12Z INFO HostContext] Well known directory 'Root': 'C:\Users\SHAIKH SALAHUDDIN\OneDrive - Noventiq Global AI Solutions Private Limited\Desktop\app service\gha'
[2026-09-21 07:28:12Z INFO HostContext] Well known config file 'Runner': 'C:\Users\SHAIKH SALAHUDDIN\OneDrive - Noventiq Global AI Solutions Private Limited\Desktop\app service\gha\.runner'
[2026-09-21 07:28:12Z INFO Listener] Runner is built for Windows (X64) - win-x64.
[2026-09-21 07:28:12Z INFO Listener] RuntimeInformation: Microsoft Windows 10.0.26200.
[2026-09-21 07:28:12Z INFO Listener] Version: 2.337.0
[2026-09-21 07:28:12Z INFO Listener] Commit: 397b032cbf865e9c3ddfab89d533ec19325e1273
[2026-09-21 07:28:12Z INFO Listener] Culture: en-US
[2026-09-21 07:28:12Z INFO Listener] UI Culture: en-US
[2026-09-21 07:28:12Z INFO HostContext] Well known directory 'Bin': 'C:\Users\SHAIKH SALAHUDDIN\OneDrive - Noventiq Global AI Solutions Private Limited\Desktop\app service\gha\bin'
[2026-09-21 07:28:12Z INFO HostContext] Well known directory 'Root': 'C:\Users\SHAIKH SALAHUDDIN\OneDrive - Noventiq Global AI Solutions Private Limited\Desktop\app service\gha'
[2026-09-21 07:28:12Z INFO Listener] Validating directory permissions for: 'C:\Users\SHAIKH SALAHUDDIN\OneDrive - Noventiq Global AI Solutions Private Limited\Desktop\app service\gha'
[2026-09-21 07:28:12Z INFO CommandLineParser] Parse
[2026-09-21 07:28:12Z INFO CommandLineParser] Parsing 1 args
[2026-09-21 07:28:12Z INFO CommandLineParser] parsing argument
[2026-09-21 07:28:12Z INFO CommandLineParser] HasArgs: False
[2026-09-21 07:28:12Z INFO CommandLineParser] Adding Command: run
[2026-09-21 07:28:12Z INFO Listener] Arguments parsed
[2026-09-21 07:28:12Z INFO Runner] ExecuteCommand
[2026-09-21 07:28:12Z INFO ConfigurationStore] currentAssemblyLocation: C:\Users\SHAIKH SALAHUDDIN\OneDrive - Noventiq Global AI Solutions Private Limited\Desktop\app service\gha\bin\Runner.Listener.dll
[2026-09-21 07:28:12Z INFO HostContext] Well known directory 'Bin': 'C:\Users\SHAIKH SALAHUDDIN\OneDrive - Noventiq Global AI Solutions Private Limited\Desktop\app service\gha\bin'
[2026-09-21 07:28:12Z INFO ConfigurationStore] binPath: C:\Users\SHAIKH SALAHUDDIN\OneDrive - Noventiq Global AI Solutions Private Limited\Desktop\app service\gha\bin
[2026-09-21 07:28:12Z INFO HostContext] Well known directory 'Bin': 'C:\Users\SHAIKH SALAHUDDIN\OneDrive - Noventiq Global AI Solutions Private Limited\Desktop\app service\gha\bin'
[2026-09-21 07:28:12Z INFO HostContext] Well known directory 'Root': 'C:\Users\SHAIKH SALAHUDDIN\OneDrive - Noventiq Global AI Solutions Private Limited\Desktop\app service\gha'
[2026-09-21 07:28:12Z INFO ConfigurationStore] RootFolder: C:\Users\SHAIKH SALAHUDDIN\OneDrive - Noventiq Global AI Solutions Private Limited\Desktop\app service\gha
[2026-09-21 07:28:12Z INFO HostContext] Well known directory 'Bin': 'C:\Users\SHAIKH SALAHUDDIN\OneDrive - Noventiq Global AI Solutions Private Limited\Desktop\app service\gha\bin'
[2026-09-21 07:28:12Z INFO HostContext] Well known directory 'Root': 'C:\Users\SHAIKH SALAHUDDIN\OneDrive - Noventiq Global AI Solutions Private Limited\Desktop\app service\gha'
[2026-09-21 07:28:12Z INFO HostContext] Well known config file 'Runner': 'C:\Users\SHAIKH SALAHUDDIN\OneDrive - Noventiq Global AI Solutions Private Limited\Desktop\app service\gha\.runner'
[2026-09-21 07:28:12Z INFO ConfigurationStore] ConfigFilePath: C:\Users\SHAIKH SALAHUDDIN\OneDrive - Noventiq Global AI Solutions Private Limited\Desktop\app service\gha\.runner
[2026-09-21 07:28:12Z INFO HostContext] Well known directory 'Bin': 'C:\Users\SHAIKH SALAHUDDIN\OneDrive - Noventiq Global AI Solutions Private Limited\Desktop\app service\gha\bin'
[2026-09-21 07:28:12Z INFO HostContext] Well known directory 'Root': 'C:\Users\SHAIKH SALAHUDDIN\OneDrive - Noventiq Global AI Solutions Private Limited\Desktop\app service\gha'
[2026-09-21 07:28:12Z INFO HostContext] Well known config file 'MigratedRunner': 'C:\Users\SHAIKH SALAHUDDIN\OneDrive - Noventiq Global AI Solutions Private Limited\Desktop\app service\gha\.runner_migrated'
[2026-09-21 07:28:12Z INFO ConfigurationStore] MigratedConfigFilePath: C:\Users\SHAIKH SALAHUDDIN\OneDrive - Noventiq Global AI Solutions Private Limited\Desktop\app service\gha\.runner_migrated
[2026-09-21 07:28:12Z INFO HostContext] Well known directory 'Bin': 'C:\Users\SHAIKH SALAHUDDIN\OneDrive - Noventiq Global AI Solutions Private Limited\Desktop\app service\gha\bin'
[2026-09-21 07:28:12Z INFO HostContext] Well known directory 'Root': 'C:\Users\SHAIKH SALAHUDDIN\OneDrive - Noventiq Global AI Solutions Private Limited\Desktop\app service\gha'
[2026-09-21 07:28:12Z INFO HostContext] Well known config file 'Credentials': 'C:\Users\SHAIKH SALAHUDDIN\OneDrive - Noventiq Global AI Solutions Private Limited\Desktop\app service\gha\.credentials'
[2026-09-21 07:28:12Z INFO ConfigurationStore] CredFilePath: C:\Users\SHAIKH SALAHUDDIN\OneDrive - Noventiq Global AI Solutions Private Limited\Desktop\app service\gha\.credentials
[2026-09-21 07:28:12Z INFO HostContext] Well known directory 'Bin': 'C:\Users\SHAIKH SALAHUDDIN\OneDrive - Noventiq Global AI Solutions Private Limited\Desktop\app service\gha\bin'
[2026-09-21 07:28:12Z INFO HostContext] Well known directory 'Root': 'C:\Users\SHAIKH SALAHUDDIN\OneDrive - Noventiq Global AI Solutions Private Limited\Desktop\app service\gha'
[2026-09-21 07:28:12Z INFO HostContext] Well known config file 'MigratedCredentials': 'C:\Users\SHAIKH SALAHUDDIN\OneDrive - Noventiq Global AI Solutions Private Limited\Desktop\app service\gha\.credentials_migrated'
[2026-09-21 07:28:12Z INFO ConfigurationStore] MigratedCredFilePath: C:\Users\SHAIKH SALAHUDDIN\OneDrive - Noventiq Global AI Solutions Private Limited\Desktop\app service\gha\.credentials_migrated
[2026-09-21 07:28:12Z INFO HostContext] Well known directory 'Bin': 'C:\Users\SHAIKH SALAHUDDIN\OneDrive - Noventiq Global AI Solutions Private Limited\Desktop\app service\gha\bin'
[2026-09-21 07:28:12Z INFO HostContext] Well known directory 'Root': 'C:\Users\SHAIKH SALAHUDDIN\OneDrive - Noventiq Global AI Solutions Private Limited\Desktop\app service\gha'
[2026-09-21 07:28:12Z INFO HostContext] Well known config file 'Service': 'C:\Users\SHAIKH SALAHUDDIN\OneDrive - Noventiq Global AI Solutions Private Limited\Desktop\app service\gha\.service'
[2026-09-21 07:28:12Z INFO ConfigurationStore] ServiceConfigFilePath: C:\Users\SHAIKH SALAHUDDIN\OneDrive - Noventiq Global AI Solutions Private Limited\Desktop\app service\gha\.service
[2026-09-21 07:28:12Z INFO CommandSettings] Flag 'help': 'False'
[2026-09-21 07:28:12Z INFO CommandSettings] Flag 'version': 'False'
[2026-09-21 07:28:12Z INFO CommandSettings] Flag 'commit': 'False'
[2026-09-21 07:28:12Z INFO CommandSettings] Flag 'check': 'False'
[2026-09-21 07:28:12Z INFO CommandSettings] Command 'configure': 'False'
[2026-09-21 07:28:12Z INFO CommandSettings] Command 'remove': 'False'
[2026-09-21 07:28:12Z INFO CommandSettings] Command 'warmup': 'False'
[2026-09-21 07:28:12Z INFO ConfigurationManager] LoadSettings
[2026-09-21 07:28:12Z INFO ConfigurationStore] IsConfigured()
[2026-09-21 07:28:12Z INFO ConfigurationStore] IsConfigured: True
[2026-09-21 07:28:12Z INFO ConfigurationManager] Is configured: True
[2026-09-21 07:28:12Z INFO ConfigurationStore] Read setting file: 392 chars
[2026-09-21 07:28:12Z INFO ConfigurationManager] Settings Loaded
[2026-09-21 07:28:12Z INFO ConfigurationStore] IsServiceConfigured()
[2026-09-21 07:28:12Z INFO ConfigurationStore] IsServiceConfigured: False
[2026-09-21 07:28:12Z INFO CommandSettings] Command 'run': 'True'
[2026-09-21 07:28:12Z INFO ConfigurationStore] IsConfigured()
[2026-09-21 07:28:12Z INFO ConfigurationStore] IsConfigured: True
[2026-09-21 07:28:12Z INFO ConfigurationManager] Is configured: True
[2026-09-21 07:28:12Z INFO Runner] Could not parse the argument value '' for StartupType. Defaulting to Manual
[2026-09-21 07:28:12Z INFO Runner] Set runner startup type - Manual
[2026-09-21 07:28:12Z INFO CommandSettings] Flag 'once': 'False'
[2026-09-21 07:28:12Z INFO CommandSettings] Flag 'once': 'False'
[2026-09-21 07:28:12Z INFO Runner] RunAsync
[2026-09-21 07:28:12Z INFO HostContext] Well known directory 'Bin': 'C:\Users\SHAIKH SALAHUDDIN\OneDrive - Noventiq Global AI Solutions Private Limited\Desktop\app service\gha\bin'
[2026-09-21 07:28:12Z INFO HostContext] Well known directory 'Root': 'C:\Users\SHAIKH SALAHUDDIN\OneDrive - Noventiq Global AI Solutions Private Limited\Desktop\app service\gha'
[2026-09-21 07:28:12Z INFO HostContext] Well known directory 'Work': 'C:\Users\SHAIKH SALAHUDDIN\OneDrive - Noventiq Global AI Solutions Private Limited\Desktop\app service\gha\_work'
[2026-09-21 07:28:12Z INFO Runner] Validating directory permissions for: 'C:\Users\SHAIKH SALAHUDDIN\OneDrive - Noventiq Global AI Solutions Private Limited\Desktop\app service\gha\_work'
[2026-09-21 07:28:12Z INFO ConfigurationManager] LoadMigratedSettings
[2026-09-21 07:28:12Z INFO ConfigurationStore] IsMigratedConfigured()
[2026-09-21 07:28:12Z INFO ConfigurationStore] IsMigratedConfigured: False
[2026-09-21 07:28:12Z INFO Runner] Failed to load migrated settings: No migrated configuration found.
[2026-09-21 07:28:12Z INFO Runner] Falling back to original .runner settings
[2026-09-21 07:28:12Z INFO Runner] Using BrokerMessageListener
[2026-09-21 07:28:12Z INFO BrokerMessageListener] Using provided settings
[2026-09-21 07:28:12Z INFO BrokerMessageListener] {
  "AgentId": 3,
  "AgentName": "G7CR",
  "PoolId": 1,
  "PoolName": "Default",
  "ServerUrl": "https://pipelinesghubeus22.actions.githubusercontent.com/XkcGlEpYmzgbhPIBVOyWcxiKGVBgEltYy7QRSO1xf0JCcMcahN/",
  "GitHubUrl": "https://github.com/benitdecry/helm-actions-",
  "WorkFolder": "_work",
  "UseV2Flow": true,
  "ServerUrlV2": "https://broker.actions.githubusercontent.com/"
}
[2026-09-21 07:28:12Z INFO BrokerMessageListener] Loading Credentials
[2026-09-21 07:28:12Z INFO ConfigurationStore] HasCredentials()
[2026-09-21 07:28:12Z INFO ConfigurationStore] stored True
[2026-09-21 07:28:12Z INFO CredentialManager] GetCredentialProvider
[2026-09-21 07:28:12Z INFO CredentialManager] Creating type OAuth
[2026-09-21 07:28:12Z INFO CredentialManager] Creating credential type: OAuth
[2026-09-21 07:28:12Z INFO HostContext] Well known directory 'Bin': 'C:\Users\SHAIKH SALAHUDDIN\OneDrive - Noventiq Global AI Solutions Private Limited\Desktop\app service\gha\bin'
[2026-09-21 07:28:12Z INFO HostContext] Well known directory 'Root': 'C:\Users\SHAIKH SALAHUDDIN\OneDrive - Noventiq Global AI Solutions Private Limited\Desktop\app service\gha'
[2026-09-21 07:28:12Z INFO HostContext] Well known config file 'RSACredentials': 'C:\Users\SHAIKH SALAHUDDIN\OneDrive - Noventiq Global AI Solutions Private Limited\Desktop\app service\gha\.credentials_rsaparams'
[2026-09-21 07:28:12Z INFO RSAEncryptedFileKeyManager] Loading RSA key parameters from file C:\Users\SHAIKH SALAHUDDIN\OneDrive - Noventiq Global AI Solutions Private Limited\Desktop\app service\gha\.credentials_rsaparams
[2026-09-21 07:28:12Z INFO BrokerMessageListener] Attempt to create session.
[2026-09-21 07:28:12Z INFO BrokerMessageListener] Connecting to the Broker Server...
[2026-09-21 07:28:12Z INFO ConfigurationStore] HasCredentials()
[2026-09-21 07:28:12Z INFO ConfigurationStore] stored True
[2026-09-21 07:28:12Z INFO CredentialManager] GetCredentialProvider
[2026-09-21 07:28:12Z INFO CredentialManager] Creating type OAuth
[2026-09-21 07:28:12Z INFO CredentialManager] Creating credential type: OAuth
[2026-09-21 07:28:12Z INFO RSAEncryptedFileKeyManager] Loading RSA key parameters from file C:\Users\SHAIKH SALAHUDDIN\OneDrive - Noventiq Global AI Solutions Private Limited\Desktop\app service\gha\.credentials_rsaparams
[2026-09-21 07:28:12Z INFO BrokerMessageListener] VssConnection created
[2026-09-21 07:28:12Z INFO BrokerMessageListener] Connecting to the Runner server...
[2026-09-21 07:28:12Z INFO RunnerServer] EstablishVssConnection
[2026-09-21 07:28:12Z INFO RunnerServer] Establish connection with 100 seconds timeout.
[2026-09-21 07:28:12Z INFO GitHubActionsService] Starting operation Location.GetConnectionData
[2026-09-21 07:28:12Z INFO RunnerServer] EstablishVssConnection
[2026-09-21 07:28:12Z INFO RunnerServer] Establish connection with 60 seconds timeout.
[2026-09-21 07:28:12Z INFO GitHubActionsService] Starting operation Location.GetConnectionData
[2026-09-21 07:28:12Z INFO RunnerServer] EstablishVssConnection
[2026-09-21 07:28:12Z INFO RunnerServer] Establish connection with 60 seconds timeout.
[2026-09-21 07:28:12Z INFO GitHubActionsService] Starting operation Location.GetConnectionData
[2026-09-21 07:28:13Z INFO GitHubActionsService] Finished operation Location.GetConnectionData
[2026-09-21 07:28:13Z INFO GitHubActionsService] Finished operation Location.GetConnectionData
[2026-09-21 07:28:13Z INFO GitHubActionsService] Finished operation Location.GetConnectionData
[2026-09-21 07:28:13Z INFO BrokerMessageListener] VssConnection created
[2026-09-21 07:28:13Z INFO Terminal] WRITE LINE: 
[2026-09-21 07:28:13Z INFO Terminal] WRITE LINE: 
[2026-09-21 07:28:13Z INFO RSAEncryptedFileKeyManager] Loading RSA key parameters from file C:\Users\SHAIKH SALAHUDDIN\OneDrive - Noventiq Global AI Solutions Private Limited\Desktop\app service\gha\.credentials_rsaparams
[2026-09-21 07:28:13Z INFO RSAEncryptedFileKeyManager] Loading RSA key parameters from file C:\Users\SHAIKH SALAHUDDIN\OneDrive - Noventiq Global AI Solutions Private Limited\Desktop\app service\gha\.credentials_rsaparams
[2026-09-21 07:28:14Z INFO GitHubActionsService] AAD Correlation ID for this token request: Unknown
[2026-09-21 07:28:15Z INFO BrokerMessageListener] Session created.
[2026-09-21 07:28:15Z INFO Terminal] WRITE LINE: Current runner version: '2.337.0'
[2026-09-21 07:28:15Z INFO Terminal] WRITE LINE: 2026-09-21 07:28:15Z: Listening for Jobs
[2026-09-21 07:28:15Z INFO JobDispatcher] Set runner/worker IPC timeout to 30 seconds.
[2026-09-21 07:46:41Z INFO BrokerMessageListener] Acknowledging runner request 'e4f90e41-f65c-56d0-9f5a-12ab8e066d63'.
[2026-09-21 07:46:41Z INFO ConfigurationStore] HasCredentials()
[2026-09-21 07:46:41Z INFO ConfigurationStore] stored True
[2026-09-21 07:46:41Z INFO CredentialManager] GetCredentialProvider
[2026-09-21 07:46:41Z INFO CredentialManager] Creating type OAuth
[2026-09-21 07:46:41Z INFO CredentialManager] Creating credential type: OAuth
[2026-09-21 07:46:41Z INFO RSAEncryptedFileKeyManager] Loading RSA key parameters from file C:\Users\SHAIKH SALAHUDDIN\OneDrive - Noventiq Global AI Solutions Private Limited\Desktop\app service\gha\.credentials_rsaparams
[2026-09-21 07:46:41Z INFO RSAEncryptedFileKeyManager] Loading RSA key parameters from file C:\Users\SHAIKH SALAHUDDIN\OneDrive - Noventiq Global AI Solutions Private Limited\Desktop\app service\gha\.credentials_rsaparams
[2026-09-21 07:46:41Z INFO RSAEncryptedFileKeyManager] Loading RSA key parameters from file C:\Users\SHAIKH SALAHUDDIN\OneDrive - Noventiq Global AI Solutions Private Limited\Desktop\app service\gha\.credentials_rsaparams
[2026-09-21 07:46:42Z INFO GitHubActionsService] AAD Correlation ID for this token request: Unknown
[2026-09-21 07:46:44Z INFO JobDispatcher] Job request 0 for plan bc3e6552-d605-479d-ad20-27abf9753d15 job e4f90e41-f65c-56d0-9f5a-12ab8e066d63 received.
[2026-09-21 07:46:44Z INFO JobDispatcher] Pull OrchestrationId bc3e6552-d605-479d-ad20-27abf9753d15.test-kubernetes.__default from JWT claims
[2026-09-21 07:46:44Z INFO BrokerMessageListener] Received job status event. JobState: Busy
[2026-09-21 07:46:44Z INFO BrokerMessageListener] _getMessagesTokenSource is already disposed.
[2026-09-21 07:46:44Z INFO Terminal] WRITE LINE: 2026-09-21 07:46:44Z: Running job: test-kubernetes
[2026-09-21 07:46:44Z INFO JobDispatcher] Start renew job request 0 for job e4f90e41-f65c-56d0-9f5a-12ab8e066d63.
[2026-09-21 07:46:45Z INFO JobDispatcher] Successfully renew job e4f90e41-f65c-56d0-9f5a-12ab8e066d63, job is valid till 9/21/2026 7:56:44 AM
[2026-09-21 07:46:45Z INFO HostContext] Well known directory 'Bin': 'C:\Users\SHAIKH SALAHUDDIN\OneDrive - Noventiq Global AI Solutions Private Limited\Desktop\app service\gha\bin'
[2026-09-21 07:46:45Z INFO ProcessInvokerWrapper] Starting process:
[2026-09-21 07:46:45Z INFO ProcessInvokerWrapper]   File name: 'C:\Users\SHAIKH SALAHUDDIN\OneDrive - Noventiq Global AI Solutions Private Limited\Desktop\app service\gha\bin\Runner.Worker.exe'
[2026-09-21 07:46:45Z INFO ProcessInvokerWrapper]   Arguments: 'spawnclient 1508 2104'
[2026-09-21 07:46:45Z INFO ProcessInvokerWrapper]   Working directory: 'C:\Users\SHAIKH SALAHUDDIN\OneDrive - Noventiq Global AI Solutions Private Limited\Desktop\app service\gha\bin'
[2026-09-21 07:46:45Z INFO ProcessInvokerWrapper]   Require exit code zero: 'False'
[2026-09-21 07:46:45Z INFO ProcessInvokerWrapper]   Encoding web name:  ; code page: ''
[2026-09-21 07:46:45Z INFO ProcessInvokerWrapper]   Force kill process on cancellation: 'True'
[2026-09-21 07:46:45Z INFO ProcessInvokerWrapper]   Redirected STDIN: 'False'
[2026-09-21 07:46:45Z INFO ProcessInvokerWrapper]   Persist current code page: 'False'
[2026-09-21 07:46:45Z INFO ProcessInvokerWrapper]   Keep redirected STDIN open: 'False'
[2026-09-21 07:46:45Z INFO ProcessInvokerWrapper]   High priority process: 'True'
[2026-09-21 07:46:45Z INFO ProcessInvokerWrapper] Process started with process id 30372, waiting for process exit.
[2026-09-21 07:46:45Z INFO JobDispatcher] Send job request message to worker for job e4f90e41-f65c-56d0-9f5a-12ab8e066d63.
[2026-09-21 07:46:45Z INFO ProcessChannel] Sending message of length 22903, with hash 'ec7b7a2fb97a47d688a16515a9681b8fa18e24e39149ca423d1068618e19bc6a'
[2026-09-21 07:46:45Z INFO JobNotification] Entering JobStarted Notification
[2026-09-21 07:46:45Z INFO JobNotification] Entering StartMonitor
[2026-09-21 07:46:55Z INFO ProcessInvokerWrapper] STDOUT/STDERR stream read finished.
[2026-09-21 07:46:55Z INFO ProcessInvokerWrapper] STDOUT/STDERR stream read finished.
[2026-09-21 07:46:55Z INFO ProcessInvokerWrapper] Finished process 30372 with exit code 100, and elapsed time 00:00:10.0453870.
[2026-09-21 07:46:55Z INFO JobDispatcher] Worker finished for job e4f90e41-f65c-56d0-9f5a-12ab8e066d63. Code: 100
[2026-09-21 07:46:55Z INFO JobDispatcher] finish job request for job e4f90e41-f65c-56d0-9f5a-12ab8e066d63 with result: Succeeded
[2026-09-21 07:46:55Z INFO Terminal] WRITE LINE: 2026-09-21 07:46:55Z: Job test-kubernetes completed with result: Succeeded
[2026-09-21 07:46:55Z INFO JobDispatcher] Stop renew job request for job e4f90e41-f65c-56d0-9f5a-12ab8e066d63.
[2026-09-21 07:46:55Z INFO JobDispatcher] job renew has been cancelled, stop renew job e4f90e41-f65c-56d0-9f5a-12ab8e066d63.
[2026-09-21 07:46:55Z INFO JobNotification] Entering JobCompleted Notification
[2026-09-21 07:46:55Z INFO JobNotification] Entering EndMonitor
[2026-09-21 07:46:55Z INFO BrokerMessageListener] Received job status event. JobState: Online
[2026-09-21 07:46:55Z WARN GitHubActionsService] GET request to https://broker.actions.githubusercontent.com/message?sessionId=6efab07f-2b66-4ecb-952d-ad6132dcf54f&status=Busy&runnerVersion=2.337.0&os=Windows&architecture=X64&disableUpdate=false has been cancelled.
[2026-09-21 07:46:55Z ERR  BrokerServer] Catch exception during request
[2026-09-21 07:46:55Z ERR  BrokerServer] System.Threading.Tasks.TaskCanceledException: The operation was canceled.
 ---> System.Threading.Tasks.TaskCanceledException: The operation was canceled.
 ---> System.IO.IOException: Unable to read data from the transport connection: The I/O operation has been aborted because of either a thread exit or an application request..
 ---> System.Net.Sockets.SocketException (995): The I/O operation has been aborted because of either a thread exit or an application request.
   --- End of inner exception stack trace ---
   at System.Net.Sockets.Socket.AwaitableSocketAsyncEventArgs.ThrowException(SocketError error, CancellationToken cancellationToken)
   at System.Net.Sockets.Socket.AwaitableSocketAsyncEventArgs.System.Threading.Tasks.Sources.IValueTaskSource<System.Int32>.GetResult(Int16 token)
   at System.Net.Security.SslStream.EnsureFullTlsFrameAsync[TIOAdapter](CancellationToken cancellationToken, Int32 estimatedSize)
   at System.Runtime.CompilerServices.PoolingAsyncValueTaskMethodBuilder`1.StateMachineBox`1.System.Threading.Tasks.Sources.IValueTaskSource<TResult>.GetResult(Int16 token)
   at System.Net.Security.SslStream.ReadAsyncInternal[TIOAdapter](Memory`1 buffer, CancellationToken cancellationToken)
   at System.Runtime.CompilerServices.PoolingAsyncValueTaskMethodBuilder`1.StateMachineBox`1.System.Threading.Tasks.Sources.IValueTaskSource<TResult>.GetResult(Int16 token)
   at System.Net.Http.HttpConnection.SendAsync(HttpRequestMessage request, Boolean async, CancellationToken cancellationToken)
   --- End of inner exception stack trace ---
   at System.Net.Http.HttpConnection.SendAsync(HttpRequestMessage request, Boolean async, CancellationToken cancellationToken)
   at System.Net.Http.AuthenticationHelper.SendWithNtAuthAsync(HttpRequestMessage request, Uri authUri, Boolean async, ICredentials credentials, Boolean isProxyAuth, HttpConnection connection, HttpConnectionPool connectionPool, CancellationToken cancellationToken)
   at System.Net.Http.HttpConnectionPool.SendWithVersionDetectionAndRetryAsync(HttpRequestMessage request, Boolean async, Boolean doRequestAuth, CancellationToken cancellationToken)
   at System.Net.Http.AuthenticationHelper.SendWithAuthAsync(HttpRequestMessage request, Uri authUri, Boolean async, ICredentials credentials, Boolean preAuthenticate, Boolean isProxyAuth, Boolean doRequestAuth, HttpConnectionPool pool, CancellationToken cancellationToken)
   at System.Net.Http.RedirectHandler.SendAsync(HttpRequestMessage request, Boolean async, CancellationToken cancellationToken)
   at GitHub.Services.Common.RawHttpMessageHandler.SendAsync(HttpRequestMessage request, CancellationToken cancellationToken)
   at GitHub.Services.Common.VssHttpRetryMessageHandler.SendAsync(HttpRequestMessage request, CancellationToken cancellationToken)
   at System.Net.Http.HttpClient.<SendAsync>g__Core|83_0(HttpRequestMessage request, HttpCompletionOption completionOption, CancellationTokenSource cts, Boolean disposeCts, CancellationTokenSource pendingRequestsCts, CancellationToken originalCancellationToken)
   --- End of inner exception stack trace ---
   at System.Net.Http.HttpClient.HandleFailure(Exception e, Boolean telemetryStarted, HttpResponseMessage response, CancellationTokenSource cts, CancellationToken cancellationToken, CancellationTokenSource pendingRequestsCts)
   at System.Net.Http.HttpClient.<SendAsync>g__Core|83_0(HttpRequestMessage request, HttpCompletionOption completionOption, CancellationTokenSource cts, Boolean disposeCts, CancellationTokenSource pendingRequestsCts, CancellationToken originalCancellationToken)
   at Sdk.WebApi.WebApi.RawHttpClientBase.SendAsync(HttpRequestMessage message, HttpCompletionOption completionOption, Object userState, CancellationToken cancellationToken)
   at Sdk.WebApi.WebApi.RawHttpClientBase.SendAsync[T](HttpRequestMessage message, Boolean readErrorBody, Object userState, CancellationToken cancellationToken)
   at Sdk.WebApi.WebApi.RawHttpClientBase.SendAsync[T](HttpMethod method, IEnumerable`1 additionalHeaders, Uri requestUri, HttpContent content, IEnumerable`1 queryParameters, Boolean readErrorBody, Object userState, CancellationToken cancellationToken)
   at GitHub.Actions.RunService.WebApi.BrokerHttpClient.GetRunnerMessageAsync(Nullable`1 sessionId, String runnerVersion, Nullable`1 status, String os, String architecture, Nullable`1 disableUpdate, CancellationToken cancellationToken)
   at GitHub.Runner.Common.BrokerServer.<>c__DisplayClass7_0.<<GetRunnerMessageAsync>b__0>d.MoveNext()
--- End of stack trace from previous location ---
   at GitHub.Runner.Common.RunnerService.RetryRequest[T](Func`1 func, CancellationToken cancellationToken, Int32 maxAttempts, Func`2 shouldRetry)
[2026-09-21 07:46:55Z ERR  BrokerServer] #####################################################
[2026-09-21 07:46:55Z ERR  BrokerServer] System.Threading.Tasks.TaskCanceledException: The operation was canceled.
 ---> System.IO.IOException: Unable to read data from the transport connection: The I/O operation has been aborted because of either a thread exit or an application request..
 ---> System.Net.Sockets.SocketException (995): The I/O operation has been aborted because of either a thread exit or an application request.
   --- End of inner exception stack trace ---
   at System.Net.Sockets.Socket.AwaitableSocketAsyncEventArgs.ThrowException(SocketError error, CancellationToken cancellationToken)
   at System.Net.Sockets.Socket.AwaitableSocketAsyncEventArgs.System.Threading.Tasks.Sources.IValueTaskSource<System.Int32>.GetResult(Int16 token)
   at System.Net.Security.SslStream.EnsureFullTlsFrameAsync[TIOAdapter](CancellationToken cancellationToken, Int32 estimatedSize)
   at System.Runtime.CompilerServices.PoolingAsyncValueTaskMethodBuilder`1.StateMachineBox`1.System.Threading.Tasks.Sources.IValueTaskSource<TResult>.GetResult(Int16 token)
   at System.Net.Security.SslStream.ReadAsyncInternal[TIOAdapter](Memory`1 buffer, CancellationToken cancellationToken)
   at System.Runtime.CompilerServices.PoolingAsyncValueTaskMethodBuilder`1.StateMachineBox`1.System.Threading.Tasks.Sources.IValueTaskSource<TResult>.GetResult(Int16 token)
   at System.Net.Http.HttpConnection.SendAsync(HttpRequestMessage request, Boolean async, CancellationToken cancellationToken)
   --- End of inner exception stack trace ---
   at System.Net.Http.HttpConnection.SendAsync(HttpRequestMessage request, Boolean async, CancellationToken cancellationToken)
   at System.Net.Http.AuthenticationHelper.SendWithNtAuthAsync(HttpRequestMessage request, Uri authUri, Boolean async, ICredentials credentials, Boolean isProxyAuth, HttpConnection connection, HttpConnectionPool connectionPool, CancellationToken cancellationToken)
   at System.Net.Http.HttpConnectionPool.SendWithVersionDetectionAndRetryAsync(HttpRequestMessage request, Boolean async, Boolean doRequestAuth, CancellationToken cancellationToken)
   at System.Net.Http.AuthenticationHelper.SendWithAuthAsync(HttpRequestMessage request, Uri authUri, Boolean async, ICredentials credentials, Boolean preAuthenticate, Boolean isProxyAuth, Boolean doRequestAuth, HttpConnectionPool pool, CancellationToken cancellationToken)
   at System.Net.Http.RedirectHandler.SendAsync(HttpRequestMessage request, Boolean async, CancellationToken cancellationToken)
   at GitHub.Services.Common.RawHttpMessageHandler.SendAsync(HttpRequestMessage request, CancellationToken cancellationToken)
   at GitHub.Services.Common.VssHttpRetryMessageHandler.SendAsync(HttpRequestMessage request, CancellationToken cancellationToken)
   at System.Net.Http.HttpClient.<SendAsync>g__Core|83_0(HttpRequestMessage request, HttpCompletionOption completionOption, CancellationTokenSource cts, Boolean disposeCts, CancellationTokenSource pendingRequestsCts, CancellationToken originalCancellationToken)
[2026-09-21 07:46:55Z ERR  BrokerServer] #####################################################
[2026-09-21 07:46:55Z ERR  BrokerServer] System.IO.IOException: Unable to read data from the transport connection: The I/O operation has been aborted because of either a thread exit or an application request..
 ---> System.Net.Sockets.SocketException (995): The I/O operation has been aborted because of either a thread exit or an application request.
   --- End of inner exception stack trace ---
   at System.Net.Sockets.Socket.AwaitableSocketAsyncEventArgs.ThrowException(SocketError error, CancellationToken cancellationToken)
   at System.Net.Sockets.Socket.AwaitableSocketAsyncEventArgs.System.Threading.Tasks.Sources.IValueTaskSource<System.Int32>.GetResult(Int16 token)
   at System.Net.Security.SslStream.EnsureFullTlsFrameAsync[TIOAdapter](CancellationToken cancellationToken, Int32 estimatedSize)
   at System.Runtime.CompilerServices.PoolingAsyncValueTaskMethodBuilder`1.StateMachineBox`1.System.Threading.Tasks.Sources.IValueTaskSource<TResult>.GetResult(Int16 token)
   at System.Net.Security.SslStream.ReadAsyncInternal[TIOAdapter](Memory`1 buffer, CancellationToken cancellationToken)
   at System.Runtime.CompilerServices.PoolingAsyncValueTaskMethodBuilder`1.StateMachineBox`1.System.Threading.Tasks.Sources.IValueTaskSource<TResult>.GetResult(Int16 token)
   at System.Net.Http.HttpConnection.SendAsync(HttpRequestMessage request, Boolean async, CancellationToken cancellationToken)
[2026-09-21 07:46:55Z ERR  BrokerServer] #####################################################
[2026-09-21 07:46:55Z ERR  BrokerServer] System.Net.Sockets.SocketException (995): The I/O operation has been aborted because of either a thread exit or an application request.
[2026-09-21 07:46:55Z WARN BrokerServer] Back off 13.717 seconds before next retry. 4 attempt left.
[2026-09-21 07:46:55Z INFO BrokerMessageListener] Get messages has been cancelled using local token source. Continue to get messages with new status.
[2026-09-21 07:59:16Z INFO BrokerMessageListener] Acknowledging runner request 'bdf6530d-55e4-5d33-b78c-1afe08341a4e'.
[2026-09-21 07:59:17Z INFO ConfigurationStore] HasCredentials()
[2026-09-21 07:59:17Z INFO ConfigurationStore] stored True
[2026-09-21 07:59:17Z INFO CredentialManager] GetCredentialProvider
[2026-09-21 07:59:17Z INFO CredentialManager] Creating type OAuth
[2026-09-21 07:59:17Z INFO CredentialManager] Creating credential type: OAuth
[2026-09-21 07:59:17Z INFO RSAEncryptedFileKeyManager] Loading RSA key parameters from file C:\Users\SHAIKH SALAHUDDIN\OneDrive - Noventiq Global AI Solutions Private Limited\Desktop\app service\gha\.credentials_rsaparams
[2026-09-21 07:59:17Z INFO RSAEncryptedFileKeyManager] Loading RSA key parameters from file C:\Users\SHAIKH SALAHUDDIN\OneDrive - Noventiq Global AI Solutions Private Limited\Desktop\app service\gha\.credentials_rsaparams
[2026-09-21 07:59:17Z INFO RSAEncryptedFileKeyManager] Loading RSA key parameters from file C:\Users\SHAIKH SALAHUDDIN\OneDrive - Noventiq Global AI Solutions Private Limited\Desktop\app service\gha\.credentials_rsaparams
[2026-09-21 07:59:18Z INFO GitHubActionsService] AAD Correlation ID for this token request: Unknown
[2026-09-21 07:59:20Z INFO JobDispatcher] Job request 0 for plan 0f95f71b-08c4-43dd-b2f3-8415e9ef5796 job bdf6530d-55e4-5d33-b78c-1afe08341a4e received.
[2026-09-21 07:59:20Z INFO JobDispatcher] Pull OrchestrationId 0f95f71b-08c4-43dd-b2f3-8415e9ef5796.test-kubernetes.__default from JWT claims
[2026-09-21 07:59:20Z INFO BrokerMessageListener] Received job status event. JobState: Busy
[2026-09-21 07:59:20Z INFO BrokerMessageListener] _getMessagesTokenSource is already disposed.
[2026-09-21 07:59:20Z INFO JobDispatcher] Job request e4f90e41-f65c-56d0-9f5a-12ab8e066d63 processed succeed.
[2026-09-21 07:59:20Z INFO Terminal] WRITE LINE: 2026-09-21 07:59:20Z: Running job: test-kubernetes
[2026-09-21 07:59:20Z INFO JobDispatcher] Start renew job request 0 for job bdf6530d-55e4-5d33-b78c-1afe08341a4e.
[2026-09-21 07:59:20Z INFO JobDispatcher] Successfully renew job bdf6530d-55e4-5d33-b78c-1afe08341a4e, job is valid till 9/21/2026 8:09:20 AM
[2026-09-21 07:59:20Z INFO HostContext] Well known directory 'Bin': 'C:\Users\SHAIKH SALAHUDDIN\OneDrive - Noventiq Global AI Solutions Private Limited\Desktop\app service\gha\bin'
[2026-09-21 07:59:20Z INFO ProcessInvokerWrapper] Starting process:
[2026-09-21 07:59:20Z INFO ProcessInvokerWrapper]   File name: 'C:\Users\SHAIKH SALAHUDDIN\OneDrive - Noventiq Global AI Solutions Private Limited\Desktop\app service\gha\bin\Runner.Worker.exe'
[2026-09-21 07:59:20Z INFO ProcessInvokerWrapper]   Arguments: 'spawnclient 1556 2204'
[2026-09-21 07:59:20Z INFO ProcessInvokerWrapper]   Working directory: 'C:\Users\SHAIKH SALAHUDDIN\OneDrive - Noventiq Global AI Solutions Private Limited\Desktop\app service\gha\bin'
[2026-09-21 07:59:20Z INFO ProcessInvokerWrapper]   Require exit code zero: 'False'
[2026-09-21 07:59:20Z INFO ProcessInvokerWrapper]   Encoding web name:  ; code page: ''
[2026-09-21 07:59:20Z INFO ProcessInvokerWrapper]   Force kill process on cancellation: 'True'
[2026-09-21 07:59:20Z INFO ProcessInvokerWrapper]   Redirected STDIN: 'False'
[2026-09-21 07:59:20Z INFO ProcessInvokerWrapper]   Persist current code page: 'False'
[2026-09-21 07:59:20Z INFO ProcessInvokerWrapper]   Keep redirected STDIN open: 'False'
[2026-09-21 07:59:20Z INFO ProcessInvokerWrapper]   High priority process: 'True'
[2026-09-21 07:59:20Z INFO ProcessInvokerWrapper] Process started with process id 32116, waiting for process exit.
[2026-09-21 07:59:20Z INFO JobDispatcher] Send job request message to worker for job bdf6530d-55e4-5d33-b78c-1afe08341a4e.
[2026-09-21 07:59:20Z INFO ProcessChannel] Sending message of length 22905, with hash 'a2185d9cf535b236b48a97c252295c7c514f6c1c47911479c7cfbd67335c5f95'
[2026-09-21 07:59:21Z INFO JobNotification] Entering JobStarted Notification
[2026-09-21 07:59:21Z INFO JobNotification] Entering StartMonitor
[2026-09-21 07:59:30Z INFO ProcessInvokerWrapper] STDOUT/STDERR stream read finished.
[2026-09-21 07:59:30Z INFO ProcessInvokerWrapper] STDOUT/STDERR stream read finished.
[2026-09-21 07:59:30Z INFO ProcessInvokerWrapper] Finished process 32116 with exit code 100, and elapsed time 00:00:09.8229724.
[2026-09-21 07:59:30Z INFO JobDispatcher] Worker finished for job bdf6530d-55e4-5d33-b78c-1afe08341a4e. Code: 100
[2026-09-21 07:59:30Z INFO JobDispatcher] finish job request for job bdf6530d-55e4-5d33-b78c-1afe08341a4e with result: Succeeded
[2026-09-21 07:59:30Z INFO Terminal] WRITE LINE: 2026-09-21 07:59:30Z: Job test-kubernetes completed with result: Succeeded
[2026-09-21 07:59:30Z INFO JobDispatcher] Stop renew job request for job bdf6530d-55e4-5d33-b78c-1afe08341a4e.
[2026-09-21 07:59:30Z INFO JobDispatcher] job renew has been cancelled, stop renew job bdf6530d-55e4-5d33-b78c-1afe08341a4e.
[2026-09-21 07:59:30Z INFO JobNotification] Entering JobCompleted Notification
[2026-09-21 07:59:30Z INFO JobNotification] Entering EndMonitor
[2026-09-21 07:59:30Z INFO BrokerMessageListener] Received job status event. JobState: Online
[2026-09-21 07:59:30Z WARN GitHubActionsService] GET request to https://broker.actions.githubusercontent.com/message?sessionId=6efab07f-2b66-4ecb-952d-ad6132dcf54f&status=Busy&runnerVersion=2.337.0&os=Windows&architecture=X64&disableUpdate=false has been cancelled.
[2026-09-21 07:59:30Z ERR  BrokerServer] Catch exception during request
[2026-09-21 07:59:30Z ERR  BrokerServer] System.Threading.Tasks.TaskCanceledException: The operation was canceled.
 ---> System.Threading.Tasks.TaskCanceledException: The operation was canceled.
 ---> System.IO.IOException: Unable to read data from the transport connection: The I/O operation has been aborted because of either a thread exit or an application request..
 ---> System.Net.Sockets.SocketException (995): The I/O operation has been aborted because of either a thread exit or an application request.
   --- End of inner exception stack trace ---
   at System.Net.Sockets.Socket.AwaitableSocketAsyncEventArgs.System.Threading.Tasks.Sources.IValueTaskSource<System.Int32>.GetResult(Int16 token)
   at System.Net.Security.SslStream.EnsureFullTlsFrameAsync[TIOAdapter](CancellationToken cancellationToken, Int32 estimatedSize)
   at System.Runtime.CompilerServices.PoolingAsyncValueTaskMethodBuilder`1.StateMachineBox`1.System.Threading.Tasks.Sources.IValueTaskSource<TResult>.GetResult(Int16 token)
   at System.Net.Security.SslStream.ReadAsyncInternal[TIOAdapter](Memory`1 buffer, CancellationToken cancellationToken)
   at System.Runtime.CompilerServices.PoolingAsyncValueTaskMethodBuilder`1.StateMachineBox`1.System.Threading.Tasks.Sources.IValueTaskSource<TResult>.GetResult(Int16 token)
   at System.Net.Http.HttpConnection.SendAsync(HttpRequestMessage request, Boolean async, CancellationToken cancellationToken)
   --- End of inner exception stack trace ---
   at System.Net.Http.HttpConnection.SendAsync(HttpRequestMessage request, Boolean async, CancellationToken cancellationToken)
   at System.Net.Http.AuthenticationHelper.SendWithNtAuthAsync(HttpRequestMessage request, Uri authUri, Boolean async, ICredentials credentials, Boolean isProxyAuth, HttpConnection connection, HttpConnectionPool connectionPool, CancellationToken cancellationToken)
   at System.Net.Http.HttpConnectionPool.SendWithVersionDetectionAndRetryAsync(HttpRequestMessage request, Boolean async, Boolean doRequestAuth, CancellationToken cancellationToken)
   at System.Net.Http.AuthenticationHelper.SendWithAuthAsync(HttpRequestMessage request, Uri authUri, Boolean async, ICredentials credentials, Boolean preAuthenticate, Boolean isProxyAuth, Boolean doRequestAuth, HttpConnectionPool pool, CancellationToken cancellationToken)
   at System.Net.Http.RedirectHandler.SendAsync(HttpRequestMessage request, Boolean async, CancellationToken cancellationToken)
   at GitHub.Services.Common.RawHttpMessageHandler.SendAsync(HttpRequestMessage request, CancellationToken cancellationToken)
   at GitHub.Services.Common.VssHttpRetryMessageHandler.SendAsync(HttpRequestMessage request, CancellationToken cancellationToken)
   at System.Net.Http.HttpClient.<SendAsync>g__Core|83_0(HttpRequestMessage request, HttpCompletionOption completionOption, CancellationTokenSource cts, Boolean disposeCts, CancellationTokenSource pendingRequestsCts, CancellationToken originalCancellationToken)
   --- End of inner exception stack trace ---
   at System.Net.Http.HttpClient.HandleFailure(Exception e, Boolean telemetryStarted, HttpResponseMessage response, CancellationTokenSource cts, CancellationToken cancellationToken, CancellationTokenSource pendingRequestsCts)
   at System.Net.Http.HttpClient.<SendAsync>g__Core|83_0(HttpRequestMessage request, HttpCompletionOption completionOption, CancellationTokenSource cts, Boolean disposeCts, CancellationTokenSource pendingRequestsCts, CancellationToken originalCancellationToken)
   at Sdk.WebApi.WebApi.RawHttpClientBase.SendAsync(HttpRequestMessage message, HttpCompletionOption completionOption, Object userState, CancellationToken cancellationToken)
   at Sdk.WebApi.WebApi.RawHttpClientBase.SendAsync[T](HttpRequestMessage message, Boolean readErrorBody, Object userState, CancellationToken cancellationToken)
   at Sdk.WebApi.WebApi.RawHttpClientBase.SendAsync[T](HttpMethod method, IEnumerable`1 additionalHeaders, Uri requestUri, HttpContent content, IEnumerable`1 queryParameters, Boolean readErrorBody, Object userState, CancellationToken cancellationToken)
   at GitHub.Actions.RunService.WebApi.BrokerHttpClient.GetRunnerMessageAsync(Nullable`1 sessionId, String runnerVersion, Nullable`1 status, String os, String architecture, Nullable`1 disableUpdate, CancellationToken cancellationToken)
   at GitHub.Runner.Common.BrokerServer.<>c__DisplayClass7_0.<<GetRunnerMessageAsync>b__0>d.MoveNext()
--- End of stack trace from previous location ---
   at GitHub.Runner.Common.RunnerService.RetryRequest[T](Func`1 func, CancellationToken cancellationToken, Int32 maxAttempts, Func`2 shouldRetry)
[2026-09-21 07:59:30Z ERR  BrokerServer] #####################################################
[2026-09-21 07:59:30Z ERR  BrokerServer] System.Threading.Tasks.TaskCanceledException: The operation was canceled.
 ---> System.IO.IOException: Unable to read data from the transport connection: The I/O operation has been aborted because of either a thread exit or an application request..
 ---> System.Net.Sockets.SocketException (995): The I/O operation has been aborted because of either a thread exit or an application request.
   --- End of inner exception stack trace ---
   at System.Net.Sockets.Socket.AwaitableSocketAsyncEventArgs.System.Threading.Tasks.Sources.IValueTaskSource<System.Int32>.GetResult(Int16 token)
   at System.Net.Security.SslStream.EnsureFullTlsFrameAsync[TIOAdapter](CancellationToken cancellationToken, Int32 estimatedSize)
   at System.Runtime.CompilerServices.PoolingAsyncValueTaskMethodBuilder`1.StateMachineBox`1.System.Threading.Tasks.Sources.IValueTaskSource<TResult>.GetResult(Int16 token)
   at System.Net.Security.SslStream.ReadAsyncInternal[TIOAdapter](Memory`1 buffer, CancellationToken cancellationToken)
   at System.Runtime.CompilerServices.PoolingAsyncValueTaskMethodBuilder`1.StateMachineBox`1.System.Threading.Tasks.Sources.IValueTaskSource<TResult>.GetResult(Int16 token)
   at System.Net.Http.HttpConnection.SendAsync(HttpRequestMessage request, Boolean async, CancellationToken cancellationToken)
   --- End of inner exception stack trace ---
   at System.Net.Http.HttpConnection.SendAsync(HttpRequestMessage request, Boolean async, CancellationToken cancellationToken)
   at System.Net.Http.AuthenticationHelper.SendWithNtAuthAsync(HttpRequestMessage request, Uri authUri, Boolean async, ICredentials credentials, Boolean isProxyAuth, HttpConnection connection, HttpConnectionPool connectionPool, CancellationToken cancellationToken)
   at System.Net.Http.HttpConnectionPool.SendWithVersionDetectionAndRetryAsync(HttpRequestMessage request, Boolean async, Boolean doRequestAuth, CancellationToken cancellationToken)
   at System.Net.Http.AuthenticationHelper.SendWithAuthAsync(HttpRequestMessage request, Uri authUri, Boolean async, ICredentials credentials, Boolean preAuthenticate, Boolean isProxyAuth, Boolean doRequestAuth, HttpConnectionPool pool, CancellationToken cancellationToken)
   at System.Net.Http.RedirectHandler.SendAsync(HttpRequestMessage request, Boolean async, CancellationToken cancellationToken)
   at GitHub.Services.Common.RawHttpMessageHandler.SendAsync(HttpRequestMessage request, CancellationToken cancellationToken)
   at GitHub.Services.Common.VssHttpRetryMessageHandler.SendAsync(HttpRequestMessage request, CancellationToken cancellationToken)
   at System.Net.Http.HttpClient.<SendAsync>g__Core|83_0(HttpRequestMessage request, HttpCompletionOption completionOption, CancellationTokenSource cts, Boolean disposeCts, CancellationTokenSource pendingRequestsCts, CancellationToken originalCancellationToken)
[2026-09-21 07:59:30Z ERR  BrokerServer] #####################################################
[2026-09-21 07:59:30Z ERR  BrokerServer] System.IO.IOException: Unable to read data from the transport connection: The I/O operation has been aborted because of either a thread exit or an application request..
 ---> System.Net.Sockets.SocketException (995): The I/O operation has been aborted because of either a thread exit or an application request.
   --- End of inner exception stack trace ---
   at System.Net.Sockets.Socket.AwaitableSocketAsyncEventArgs.System.Threading.Tasks.Sources.IValueTaskSource<System.Int32>.GetResult(Int16 token)
   at System.Net.Security.SslStream.EnsureFullTlsFrameAsync[TIOAdapter](CancellationToken cancellationToken, Int32 estimatedSize)
   at System.Runtime.CompilerServices.PoolingAsyncValueTaskMethodBuilder`1.StateMachineBox`1.System.Threading.Tasks.Sources.IValueTaskSource<TResult>.GetResult(Int16 token)
   at System.Net.Security.SslStream.ReadAsyncInternal[TIOAdapter](Memory`1 buffer, CancellationToken cancellationToken)
   at System.Runtime.CompilerServices.PoolingAsyncValueTaskMethodBuilder`1.StateMachineBox`1.System.Threading.Tasks.Sources.IValueTaskSource<TResult>.GetResult(Int16 token)
   at System.Net.Http.HttpConnection.SendAsync(HttpRequestMessage request, Boolean async, CancellationToken cancellationToken)
[2026-09-21 07:59:30Z ERR  BrokerServer] #####################################################
[2026-09-21 07:59:30Z ERR  BrokerServer] System.Net.Sockets.SocketException (995): The I/O operation has been aborted because of either a thread exit or an application request.
[2026-09-21 07:59:30Z WARN BrokerServer] Back off 8.826 seconds before next retry. 4 attempt left.
[2026-09-21 07:59:30Z INFO BrokerMessageListener] Get messages has been cancelled using local token source. Continue to get messages with new status.
[2026-09-21 08:09:55Z INFO BrokerMessageListener] Acknowledging runner request 'd06199b7-f5d4-5e92-92bd-12557fc3c27a'.
[2026-09-21 08:09:56Z INFO ConfigurationStore] HasCredentials()
[2026-09-21 08:09:56Z INFO ConfigurationStore] stored True
[2026-09-21 08:09:56Z INFO CredentialManager] GetCredentialProvider
[2026-09-21 08:09:56Z INFO CredentialManager] Creating type OAuth
[2026-09-21 08:09:56Z INFO CredentialManager] Creating credential type: OAuth
[2026-09-21 08:09:56Z INFO RSAEncryptedFileKeyManager] Loading RSA key parameters from file C:\Users\SHAIKH SALAHUDDIN\OneDrive - Noventiq Global AI Solutions Private Limited\Desktop\app service\gha\.credentials_rsaparams
[2026-09-21 08:09:56Z INFO RSAEncryptedFileKeyManager] Loading RSA key parameters from file C:\Users\SHAIKH SALAHUDDIN\OneDrive - Noventiq Global AI Solutions Private Limited\Desktop\app service\gha\.credentials_rsaparams
[2026-09-21 08:09:56Z INFO RSAEncryptedFileKeyManager] Loading RSA key parameters from file C:\Users\SHAIKH SALAHUDDIN\OneDrive - Noventiq Global AI Solutions Private Limited\Desktop\app service\gha\.credentials_rsaparams
[2026-09-21 08:09:57Z INFO GitHubActionsService] AAD Correlation ID for this token request: Unknown
[2026-09-21 08:09:58Z INFO JobDispatcher] Job request 0 for plan 37ab0239-274e-4579-a564-0bae1c968165 job d06199b7-f5d4-5e92-92bd-12557fc3c27a received.
[2026-09-21 08:09:58Z INFO JobDispatcher] Pull OrchestrationId 37ab0239-274e-4579-a564-0bae1c968165.test-kubernetes.__default from JWT claims
[2026-09-21 08:09:58Z INFO BrokerMessageListener] Received job status event. JobState: Busy
[2026-09-21 08:09:58Z INFO BrokerMessageListener] _getMessagesTokenSource is already disposed.
[2026-09-21 08:09:58Z INFO JobDispatcher] Job request bdf6530d-55e4-5d33-b78c-1afe08341a4e processed succeed.
[2026-09-21 08:09:58Z INFO Terminal] WRITE LINE: 2026-09-21 08:09:58Z: Running job: test-kubernetes
[2026-09-21 08:09:58Z INFO JobDispatcher] Start renew job request 0 for job d06199b7-f5d4-5e92-92bd-12557fc3c27a.
[2026-09-21 08:09:59Z INFO JobDispatcher] Successfully renew job d06199b7-f5d4-5e92-92bd-12557fc3c27a, job is valid till 9/21/2026 8:19:59 AM
[2026-09-21 08:09:59Z INFO HostContext] Well known directory 'Bin': 'C:\Users\SHAIKH SALAHUDDIN\OneDrive - Noventiq Global AI Solutions Private Limited\Desktop\app service\gha\bin'
[2026-09-21 08:09:59Z INFO ProcessInvokerWrapper] Starting process:
[2026-09-21 08:09:59Z INFO ProcessInvokerWrapper]   File name: 'C:\Users\SHAIKH SALAHUDDIN\OneDrive - Noventiq Global AI Solutions Private Limited\Desktop\app service\gha\bin\Runner.Worker.exe'
[2026-09-21 08:09:59Z INFO ProcessInvokerWrapper]   Arguments: 'spawnclient 2368 2380'
[2026-09-21 08:09:59Z INFO ProcessInvokerWrapper]   Working directory: 'C:\Users\SHAIKH SALAHUDDIN\OneDrive - Noventiq Global AI Solutions Private Limited\Desktop\app service\gha\bin'
[2026-09-21 08:09:59Z INFO ProcessInvokerWrapper]   Require exit code zero: 'False'
[2026-09-21 08:09:59Z INFO ProcessInvokerWrapper]   Encoding web name:  ; code page: ''
[2026-09-21 08:09:59Z INFO ProcessInvokerWrapper]   Force kill process on cancellation: 'True'
[2026-09-21 08:09:59Z INFO ProcessInvokerWrapper]   Redirected STDIN: 'False'
[2026-09-21 08:09:59Z INFO ProcessInvokerWrapper]   Persist current code page: 'False'
[2026-09-21 08:09:59Z INFO ProcessInvokerWrapper]   Keep redirected STDIN open: 'False'
[2026-09-21 08:09:59Z INFO ProcessInvokerWrapper]   High priority process: 'True'
[2026-09-21 08:09:59Z INFO ProcessInvokerWrapper] Process started with process id 2648, waiting for process exit.
[2026-09-21 08:09:59Z INFO JobDispatcher] Send job request message to worker for job d06199b7-f5d4-5e92-92bd-12557fc3c27a.
[2026-09-21 08:09:59Z INFO ProcessChannel] Sending message of length 23165, with hash '7f1cb6ec0d2fc9575858e6c327ffaeab7c6fb5a8833dc3c8a2b097782736fd9c'
[2026-09-21 08:09:59Z INFO JobNotification] Entering JobStarted Notification
[2026-09-21 08:09:59Z INFO JobNotification] Entering StartMonitor
[2026-09-21 08:10:09Z INFO ProcessInvokerWrapper] STDOUT/STDERR stream read finished.
[2026-09-21 08:10:09Z INFO ProcessInvokerWrapper] STDOUT/STDERR stream read finished.
[2026-09-21 08:10:09Z INFO ProcessInvokerWrapper] Finished process 2648 with exit code 100, and elapsed time 00:00:09.9549401.
[2026-09-21 08:10:09Z INFO JobDispatcher] Worker finished for job d06199b7-f5d4-5e92-92bd-12557fc3c27a. Code: 100
[2026-09-21 08:10:09Z INFO JobDispatcher] finish job request for job d06199b7-f5d4-5e92-92bd-12557fc3c27a with result: Succeeded
[2026-09-21 08:10:09Z INFO Terminal] WRITE LINE: 2026-09-21 08:10:09Z: Job test-kubernetes completed with result: Succeeded
[2026-09-21 08:10:09Z INFO JobDispatcher] Stop renew job request for job d06199b7-f5d4-5e92-92bd-12557fc3c27a.
[2026-09-21 08:10:09Z INFO JobDispatcher] job renew has been cancelled, stop renew job d06199b7-f5d4-5e92-92bd-12557fc3c27a.
[2026-09-21 08:10:09Z INFO JobNotification] Entering JobCompleted Notification
[2026-09-21 08:10:09Z INFO JobNotification] Entering EndMonitor
[2026-09-21 08:10:09Z INFO BrokerMessageListener] Received job status event. JobState: Online
[2026-09-21 08:10:09Z WARN GitHubActionsService] GET request to https://broker.actions.githubusercontent.com/message?sessionId=6efab07f-2b66-4ecb-952d-ad6132dcf54f&status=Busy&runnerVersion=2.337.0&os=Windows&architecture=X64&disableUpdate=false has been cancelled.
[2026-09-21 08:10:09Z ERR  BrokerServer] Catch exception during request
[2026-09-21 08:10:09Z ERR  BrokerServer] System.Threading.Tasks.TaskCanceledException: The operation was canceled.
 ---> System.Threading.Tasks.TaskCanceledException: The operation was canceled.
 ---> System.IO.IOException: Unable to read data from the transport connection: The I/O operation has been aborted because of either a thread exit or an application request..
 ---> System.Net.Sockets.SocketException (995): The I/O operation has been aborted because of either a thread exit or an application request.
   --- End of inner exception stack trace ---
   at System.Net.Sockets.Socket.AwaitableSocketAsyncEventArgs.System.Threading.Tasks.Sources.IValueTaskSource<System.Int32>.GetResult(Int16 token)
   at System.Net.Security.SslStream.EnsureFullTlsFrameAsync[TIOAdapter](CancellationToken cancellationToken, Int32 estimatedSize)
   at System.Runtime.CompilerServices.PoolingAsyncValueTaskMethodBuilder`1.StateMachineBox`1.System.Threading.Tasks.Sources.IValueTaskSource<TResult>.GetResult(Int16 token)
   at System.Net.Security.SslStream.ReadAsyncInternal[TIOAdapter](Memory`1 buffer, CancellationToken cancellationToken)
   at System.Runtime.CompilerServices.PoolingAsyncValueTaskMethodBuilder`1.StateMachineBox`1.System.Threading.Tasks.Sources.IValueTaskSource<TResult>.GetResult(Int16 token)
   at System.Net.Http.HttpConnection.SendAsync(HttpRequestMessage request, Boolean async, CancellationToken cancellationToken)
   --- End of inner exception stack trace ---
   at System.Net.Http.HttpConnection.SendAsync(HttpRequestMessage request, Boolean async, CancellationToken cancellationToken)
   at System.Net.Http.AuthenticationHelper.SendWithNtAuthAsync(HttpRequestMessage request, Uri authUri, Boolean async, ICredentials credentials, Boolean isProxyAuth, HttpConnection connection, HttpConnectionPool connectionPool, CancellationToken cancellationToken)
   at System.Net.Http.HttpConnectionPool.SendWithVersionDetectionAndRetryAsync(HttpRequestMessage request, Boolean async, Boolean doRequestAuth, CancellationToken cancellationToken)
   at System.Net.Http.AuthenticationHelper.SendWithAuthAsync(HttpRequestMessage request, Uri authUri, Boolean async, ICredentials credentials, Boolean preAuthenticate, Boolean isProxyAuth, Boolean doRequestAuth, HttpConnectionPool pool, CancellationToken cancellationToken)
   at System.Net.Http.RedirectHandler.SendAsync(HttpRequestMessage request, Boolean async, CancellationToken cancellationToken)
   at GitHub.Services.Common.RawHttpMessageHandler.SendAsync(HttpRequestMessage request, CancellationToken cancellationToken)
   at GitHub.Services.Common.VssHttpRetryMessageHandler.SendAsync(HttpRequestMessage request, CancellationToken cancellationToken)
   at System.Net.Http.HttpClient.<SendAsync>g__Core|83_0(HttpRequestMessage request, HttpCompletionOption completionOption, CancellationTokenSource cts, Boolean disposeCts, CancellationTokenSource pendingRequestsCts, CancellationToken originalCancellationToken)
   --- End of inner exception stack trace ---
   at System.Net.Http.HttpClient.HandleFailure(Exception e, Boolean telemetryStarted, HttpResponseMessage response, CancellationTokenSource cts, CancellationToken cancellationToken, CancellationTokenSource pendingRequestsCts)
   at System.Net.Http.HttpClient.<SendAsync>g__Core|83_0(HttpRequestMessage request, HttpCompletionOption completionOption, CancellationTokenSource cts, Boolean disposeCts, CancellationTokenSource pendingRequestsCts, CancellationToken originalCancellationToken)
   at Sdk.WebApi.WebApi.RawHttpClientBase.SendAsync(HttpRequestMessage message, HttpCompletionOption completionOption, Object userState, CancellationToken cancellationToken)
   at Sdk.WebApi.WebApi.RawHttpClientBase.SendAsync[T](HttpRequestMessage message, Boolean readErrorBody, Object userState, CancellationToken cancellationToken)
   at Sdk.WebApi.WebApi.RawHttpClientBase.SendAsync[T](HttpMethod method, IEnumerable`1 additionalHeaders, Uri requestUri, HttpContent content, IEnumerable`1 queryParameters, Boolean readErrorBody, Object userState, CancellationToken cancellationToken)
   at GitHub.Actions.RunService.WebApi.BrokerHttpClient.GetRunnerMessageAsync(Nullable`1 sessionId, String runnerVersion, Nullable`1 status, String os, String architecture, Nullable`1 disableUpdate, CancellationToken cancellationToken)
   at GitHub.Runner.Common.BrokerServer.<>c__DisplayClass7_0.<<GetRunnerMessageAsync>b__0>d.MoveNext()
--- End of stack trace from previous location ---
   at GitHub.Runner.Common.RunnerService.RetryRequest[T](Func`1 func, CancellationToken cancellationToken, Int32 maxAttempts, Func`2 shouldRetry)
[2026-09-21 08:10:09Z ERR  BrokerServer] #####################################################
[2026-09-21 08:10:09Z ERR  BrokerServer] System.Threading.Tasks.TaskCanceledException: The operation was canceled.
 ---> System.IO.IOException: Unable to read data from the transport connection: The I/O operation has been aborted because of either a thread exit or an application request..
 ---> System.Net.Sockets.SocketException (995): The I/O operation has been aborted because of either a thread exit or an application request.
   --- End of inner exception stack trace ---
   at System.Net.Sockets.Socket.AwaitableSocketAsyncEventArgs.System.Threading.Tasks.Sources.IValueTaskSource<System.Int32>.GetResult(Int16 token)
   at System.Net.Security.SslStream.EnsureFullTlsFrameAsync[TIOAdapter](CancellationToken cancellationToken, Int32 estimatedSize)
   at System.Runtime.CompilerServices.PoolingAsyncValueTaskMethodBuilder`1.StateMachineBox`1.System.Threading.Tasks.Sources.IValueTaskSource<TResult>.GetResult(Int16 token)
   at System.Net.Security.SslStream.ReadAsyncInternal[TIOAdapter](Memory`1 buffer, CancellationToken cancellationToken)
   at System.Runtime.CompilerServices.PoolingAsyncValueTaskMethodBuilder`1.StateMachineBox`1.System.Threading.Tasks.Sources.IValueTaskSource<TResult>.GetResult(Int16 token)
   at System.Net.Http.HttpConnection.SendAsync(HttpRequestMessage request, Boolean async, CancellationToken cancellationToken)
   --- End of inner exception stack trace ---
   at System.Net.Http.HttpConnection.SendAsync(HttpRequestMessage request, Boolean async, CancellationToken cancellationToken)
   at System.Net.Http.AuthenticationHelper.SendWithNtAuthAsync(HttpRequestMessage request, Uri authUri, Boolean async, ICredentials credentials, Boolean isProxyAuth, HttpConnection connection, HttpConnectionPool connectionPool, CancellationToken cancellationToken)
   at System.Net.Http.HttpConnectionPool.SendWithVersionDetectionAndRetryAsync(HttpRequestMessage request, Boolean async, Boolean doRequestAuth, CancellationToken cancellationToken)
   at System.Net.Http.AuthenticationHelper.SendWithAuthAsync(HttpRequestMessage request, Uri authUri, Boolean async, ICredentials credentials, Boolean preAuthenticate, Boolean isProxyAuth, Boolean doRequestAuth, HttpConnectionPool pool, CancellationToken cancellationToken)
   at System.Net.Http.RedirectHandler.SendAsync(HttpRequestMessage request, Boolean async, CancellationToken cancellationToken)
   at GitHub.Services.Common.RawHttpMessageHandler.SendAsync(HttpRequestMessage request, CancellationToken cancellationToken)
   at GitHub.Services.Common.VssHttpRetryMessageHandler.SendAsync(HttpRequestMessage request, CancellationToken cancellationToken)
   at System.Net.Http.HttpClient.<SendAsync>g__Core|83_0(HttpRequestMessage request, HttpCompletionOption completionOption, CancellationTokenSource cts, Boolean disposeCts, CancellationTokenSource pendingRequestsCts, CancellationToken originalCancellationToken)
[2026-09-21 08:10:09Z ERR  BrokerServer] #####################################################
[2026-09-21 08:10:09Z ERR  BrokerServer] System.IO.IOException: Unable to read data from the transport connection: The I/O operation has been aborted because of either a thread exit or an application request..
 ---> System.Net.Sockets.SocketException (995): The I/O operation has been aborted because of either a thread exit or an application request.
   --- End of inner exception stack trace ---
   at System.Net.Sockets.Socket.AwaitableSocketAsyncEventArgs.System.Threading.Tasks.Sources.IValueTaskSource<System.Int32>.GetResult(Int16 token)
   at System.Net.Security.SslStream.EnsureFullTlsFrameAsync[TIOAdapter](CancellationToken cancellationToken, Int32 estimatedSize)
   at System.Runtime.CompilerServices.PoolingAsyncValueTaskMethodBuilder`1.StateMachineBox`1.System.Threading.Tasks.Sources.IValueTaskSource<TResult>.GetResult(Int16 token)
   at System.Net.Security.SslStream.ReadAsyncInternal[TIOAdapter](Memory`1 buffer, CancellationToken cancellationToken)
   at System.Runtime.CompilerServices.PoolingAsyncValueTaskMethodBuilder`1.StateMachineBox`1.System.Threading.Tasks.Sources.IValueTaskSource<TResult>.GetResult(Int16 token)
   at System.Net.Http.HttpConnection.SendAsync(HttpRequestMessage request, Boolean async, CancellationToken cancellationToken)
[2026-09-21 08:10:09Z ERR  BrokerServer] #####################################################
[2026-09-21 08:10:09Z ERR  BrokerServer] System.Net.Sockets.SocketException (995): The I/O operation has been aborted because of either a thread exit or an application request.
[2026-09-21 08:10:09Z WARN BrokerServer] Back off 7.822 seconds before next retry. 4 attempt left.
[2026-09-21 08:10:09Z INFO BrokerMessageListener] Get messages has been cancelled using local token source. Continue to get messages with new status.
[2026-09-21 08:16:58Z INFO BrokerMessageListener] Acknowledging runner request '3f041d0a-caab-5e66-9f26-86cc1c508635'.
[2026-09-21 08:16:58Z INFO ConfigurationStore] HasCredentials()
[2026-09-21 08:16:58Z INFO ConfigurationStore] stored True
[2026-09-21 08:16:58Z INFO CredentialManager] GetCredentialProvider
[2026-09-21 08:16:58Z INFO CredentialManager] Creating type OAuth
[2026-09-21 08:16:58Z INFO CredentialManager] Creating credential type: OAuth
[2026-09-21 08:16:58Z INFO RSAEncryptedFileKeyManager] Loading RSA key parameters from file C:\Users\SHAIKH SALAHUDDIN\OneDrive - Noventiq Global AI Solutions Private Limited\Desktop\app service\gha\.credentials_rsaparams
[2026-09-21 08:16:58Z INFO RSAEncryptedFileKeyManager] Loading RSA key parameters from file C:\Users\SHAIKH SALAHUDDIN\OneDrive - Noventiq Global AI Solutions Private Limited\Desktop\app service\gha\.credentials_rsaparams
[2026-09-21 08:16:58Z INFO RSAEncryptedFileKeyManager] Loading RSA key parameters from file C:\Users\SHAIKH SALAHUDDIN\OneDrive - Noventiq Global AI Solutions Private Limited\Desktop\app service\gha\.credentials_rsaparams
[2026-09-21 08:16:59Z INFO GitHubActionsService] AAD Correlation ID for this token request: Unknown
[2026-09-21 08:17:01Z INFO JobDispatcher] Job request 0 for plan 7d3d4b45-3805-41da-8168-b1b4ef2329e4 job 3f041d0a-caab-5e66-9f26-86cc1c508635 received.
[2026-09-21 08:17:01Z INFO JobDispatcher] Pull OrchestrationId 7d3d4b45-3805-41da-8168-b1b4ef2329e4.test-kubernetes.__default from JWT claims
[2026-09-21 08:17:01Z INFO BrokerMessageListener] Received job status event. JobState: Busy
[2026-09-21 08:17:01Z INFO BrokerMessageListener] _getMessagesTokenSource is already disposed.
[2026-09-21 08:17:01Z INFO JobDispatcher] Job request d06199b7-f5d4-5e92-92bd-12557fc3c27a processed succeed.
[2026-09-21 08:17:01Z INFO Terminal] WRITE LINE: 2026-09-21 08:17:01Z: Running job: test-kubernetes
[2026-09-21 08:17:01Z INFO JobDispatcher] Start renew job request 0 for job 3f041d0a-caab-5e66-9f26-86cc1c508635.
[2026-09-21 08:17:01Z INFO JobDispatcher] Successfully renew job 3f041d0a-caab-5e66-9f26-86cc1c508635, job is valid till 9/21/2026 8:27:01 AM
[2026-09-21 08:17:01Z INFO HostContext] Well known directory 'Bin': 'C:\Users\SHAIKH SALAHUDDIN\OneDrive - Noventiq Global AI Solutions Private Limited\Desktop\app service\gha\bin'
[2026-09-21 08:17:01Z INFO ProcessInvokerWrapper] Starting process:
[2026-09-21 08:17:01Z INFO ProcessInvokerWrapper]   File name: 'C:\Users\SHAIKH SALAHUDDIN\OneDrive - Noventiq Global AI Solutions Private Limited\Desktop\app service\gha\bin\Runner.Worker.exe'
[2026-09-21 08:17:01Z INFO ProcessInvokerWrapper]   Arguments: 'spawnclient 2180 2132'
[2026-09-21 08:17:01Z INFO ProcessInvokerWrapper]   Working directory: 'C:\Users\SHAIKH SALAHUDDIN\OneDrive - Noventiq Global AI Solutions Private Limited\Desktop\app service\gha\bin'
[2026-09-21 08:17:01Z INFO ProcessInvokerWrapper]   Require exit code zero: 'False'
[2026-09-21 08:17:01Z INFO ProcessInvokerWrapper]   Encoding web name:  ; code page: ''
[2026-09-21 08:17:01Z INFO ProcessInvokerWrapper]   Force kill process on cancellation: 'True'
[2026-09-21 08:17:01Z INFO ProcessInvokerWrapper]   Redirected STDIN: 'False'
[2026-09-21 08:17:01Z INFO ProcessInvokerWrapper]   Persist current code page: 'False'
[2026-09-21 08:17:01Z INFO ProcessInvokerWrapper]   Keep redirected STDIN open: 'False'
[2026-09-21 08:17:01Z INFO ProcessInvokerWrapper]   High priority process: 'True'
[2026-09-21 08:17:01Z INFO ProcessInvokerWrapper] Process started with process id 27240, waiting for process exit.
[2026-09-21 08:17:01Z INFO JobDispatcher] Send job request message to worker for job 3f041d0a-caab-5e66-9f26-86cc1c508635.
[2026-09-21 08:17:01Z INFO ProcessChannel] Sending message of length 23165, with hash '482a15866e01a269c6d1ff944649b74e5ee1499023fa5d290cd67b442034045f'
[2026-09-21 08:17:01Z INFO JobNotification] Entering JobStarted Notification
[2026-09-21 08:17:01Z INFO JobNotification] Entering StartMonitor
[2026-09-21 08:17:11Z INFO ProcessInvokerWrapper] STDOUT/STDERR stream read finished.
[2026-09-21 08:17:11Z INFO ProcessInvokerWrapper] STDOUT/STDERR stream read finished.
[2026-09-21 08:17:12Z INFO ProcessInvokerWrapper] Finished process 27240 with exit code 100, and elapsed time 00:00:10.2376371.
[2026-09-21 08:17:12Z INFO JobDispatcher] Worker finished for job 3f041d0a-caab-5e66-9f26-86cc1c508635. Code: 100
[2026-09-21 08:17:12Z INFO JobDispatcher] finish job request for job 3f041d0a-caab-5e66-9f26-86cc1c508635 with result: Succeeded
[2026-09-21 08:17:12Z INFO Terminal] WRITE LINE: 2026-09-21 08:17:12Z: Job test-kubernetes completed with result: Succeeded
[2026-09-21 08:17:12Z INFO JobDispatcher] Stop renew job request for job 3f041d0a-caab-5e66-9f26-86cc1c508635.
[2026-09-21 08:17:12Z INFO JobDispatcher] job renew has been cancelled, stop renew job 3f041d0a-caab-5e66-9f26-86cc1c508635.
[2026-09-21 08:17:12Z INFO JobNotification] Entering JobCompleted Notification
[2026-09-21 08:17:12Z INFO JobNotification] Entering EndMonitor
[2026-09-21 08:17:12Z INFO BrokerMessageListener] Received job status event. JobState: Online
[2026-09-21 08:17:12Z WARN GitHubActionsService] GET request to https://broker.actions.githubusercontent.com/message?sessionId=6efab07f-2b66-4ecb-952d-ad6132dcf54f&status=Busy&runnerVersion=2.337.0&os=Windows&architecture=X64&disableUpdate=false has been cancelled.
[2026-09-21 08:17:12Z ERR  BrokerServer] Catch exception during request
[2026-09-21 08:17:12Z ERR  BrokerServer] System.Threading.Tasks.TaskCanceledException: The operation was canceled.
 ---> System.Threading.Tasks.TaskCanceledException: The operation was canceled.
 ---> System.IO.IOException: Unable to read data from the transport connection: The I/O operation has been aborted because of either a thread exit or an application request..
 ---> System.Net.Sockets.SocketException (995): The I/O operation has been aborted because of either a thread exit or an application request.
   --- End of inner exception stack trace ---
   at System.Net.Sockets.Socket.AwaitableSocketAsyncEventArgs.System.Threading.Tasks.Sources.IValueTaskSource<System.Int32>.GetResult(Int16 token)
   at System.Net.Security.SslStream.EnsureFullTlsFrameAsync[TIOAdapter](CancellationToken cancellationToken, Int32 estimatedSize)
   at System.Runtime.CompilerServices.PoolingAsyncValueTaskMethodBuilder`1.StateMachineBox`1.System.Threading.Tasks.Sources.IValueTaskSource<TResult>.GetResult(Int16 token)
   at System.Net.Security.SslStream.ReadAsyncInternal[TIOAdapter](Memory`1 buffer, CancellationToken cancellationToken)
   at System.Runtime.CompilerServices.PoolingAsyncValueTaskMethodBuilder`1.StateMachineBox`1.System.Threading.Tasks.Sources.IValueTaskSource<TResult>.GetResult(Int16 token)
   at System.Net.Http.HttpConnection.<EnsureReadAheadTaskHasStarted>g__ReadAheadWithZeroByteReadAsync|40_0()
   at System.Net.Http.HttpConnection.SendAsync(HttpRequestMessage request, Boolean async, CancellationToken cancellationToken)
   --- End of inner exception stack trace ---
   at System.Net.Http.HttpConnection.SendAsync(HttpRequestMessage request, Boolean async, CancellationToken cancellationToken)
   at System.Net.Http.AuthenticationHelper.SendWithNtAuthAsync(HttpRequestMessage request, Uri authUri, Boolean async, ICredentials credentials, Boolean isProxyAuth, HttpConnection connection, HttpConnectionPool connectionPool, CancellationToken cancellationToken)
   at System.Net.Http.HttpConnectionPool.SendWithVersionDetectionAndRetryAsync(HttpRequestMessage request, Boolean async, Boolean doRequestAuth, CancellationToken cancellationToken)
   at System.Net.Http.AuthenticationHelper.SendWithAuthAsync(HttpRequestMessage request, Uri authUri, Boolean async, ICredentials credentials, Boolean preAuthenticate, Boolean isProxyAuth, Boolean doRequestAuth, HttpConnectionPool pool, CancellationToken cancellationToken)
   at System.Net.Http.RedirectHandler.SendAsync(HttpRequestMessage request, Boolean async, CancellationToken cancellationToken)
   at GitHub.Services.Common.RawHttpMessageHandler.SendAsync(HttpRequestMessage request, CancellationToken cancellationToken)
   at GitHub.Services.Common.VssHttpRetryMessageHandler.SendAsync(HttpRequestMessage request, CancellationToken cancellationToken)
   at System.Net.Http.HttpClient.<SendAsync>g__Core|83_0(HttpRequestMessage request, HttpCompletionOption completionOption, CancellationTokenSource cts, Boolean disposeCts, CancellationTokenSource pendingRequestsCts, CancellationToken originalCancellationToken)
   --- End of inner exception stack trace ---
   at System.Net.Http.HttpClient.HandleFailure(Exception e, Boolean telemetryStarted, HttpResponseMessage response, CancellationTokenSource cts, CancellationToken cancellationToken, CancellationTokenSource pendingRequestsCts)
   at System.Net.Http.HttpClient.<SendAsync>g__Core|83_0(HttpRequestMessage request, HttpCompletionOption completionOption, CancellationTokenSource cts, Boolean disposeCts, CancellationTokenSource pendingRequestsCts, CancellationToken originalCancellationToken)
   at Sdk.WebApi.WebApi.RawHttpClientBase.SendAsync(HttpRequestMessage message, HttpCompletionOption completionOption, Object userState, CancellationToken cancellationToken)
   at Sdk.WebApi.WebApi.RawHttpClientBase.SendAsync[T](HttpRequestMessage message, Boolean readErrorBody, Object userState, CancellationToken cancellationToken)
   at Sdk.WebApi.WebApi.RawHttpClientBase.SendAsync[T](HttpMethod method, IEnumerable`1 additionalHeaders, Uri requestUri, HttpContent content, IEnumerable`1 queryParameters, Boolean readErrorBody, Object userState, CancellationToken cancellationToken)
   at GitHub.Actions.RunService.WebApi.BrokerHttpClient.GetRunnerMessageAsync(Nullable`1 sessionId, String runnerVersion, Nullable`1 status, String os, String architecture, Nullable`1 disableUpdate, CancellationToken cancellationToken)
   at GitHub.Runner.Common.BrokerServer.<>c__DisplayClass7_0.<<GetRunnerMessageAsync>b__0>d.MoveNext()
--- End of stack trace from previous location ---
   at GitHub.Runner.Common.RunnerService.RetryRequest[T](Func`1 func, CancellationToken cancellationToken, Int32 maxAttempts, Func`2 shouldRetry)
[2026-09-21 08:17:12Z ERR  BrokerServer] #####################################################
[2026-09-21 08:17:12Z ERR  BrokerServer] System.Threading.Tasks.TaskCanceledException: The operation was canceled.
 ---> System.IO.IOException: Unable to read data from the transport connection: The I/O operation has been aborted because of either a thread exit or an application request..
 ---> System.Net.Sockets.SocketException (995): The I/O operation has been aborted because of either a thread exit or an application request.
   --- End of inner exception stack trace ---
   at System.Net.Sockets.Socket.AwaitableSocketAsyncEventArgs.System.Threading.Tasks.Sources.IValueTaskSource<System.Int32>.GetResult(Int16 token)
   at System.Net.Security.SslStream.EnsureFullTlsFrameAsync[TIOAdapter](CancellationToken cancellationToken, Int32 estimatedSize)
   at System.Runtime.CompilerServices.PoolingAsyncValueTaskMethodBuilder`1.StateMachineBox`1.System.Threading.Tasks.Sources.IValueTaskSource<TResult>.GetResult(Int16 token)
   at System.Net.Security.SslStream.ReadAsyncInternal[TIOAdapter](Memory`1 buffer, CancellationToken cancellationToken)
   at System.Runtime.CompilerServices.PoolingAsyncValueTaskMethodBuilder`1.StateMachineBox`1.System.Threading.Tasks.Sources.IValueTaskSource<TResult>.GetResult(Int16 token)
   at System.Net.Http.HttpConnection.<EnsureReadAheadTaskHasStarted>g__ReadAheadWithZeroByteReadAsync|40_0()
   at System.Net.Http.HttpConnection.SendAsync(HttpRequestMessage request, Boolean async, CancellationToken cancellationToken)
   --- End of inner exception stack trace ---
   at System.Net.Http.HttpConnection.SendAsync(HttpRequestMessage request, Boolean async, CancellationToken cancellationToken)
   at System.Net.Http.AuthenticationHelper.SendWithNtAuthAsync(HttpRequestMessage request, Uri authUri, Boolean async, ICredentials credentials, Boolean isProxyAuth, HttpConnection connection, HttpConnectionPool connectionPool, CancellationToken cancellationToken)
   at System.Net.Http.HttpConnectionPool.SendWithVersionDetectionAndRetryAsync(HttpRequestMessage request, Boolean async, Boolean doRequestAuth, CancellationToken cancellationToken)
   at System.Net.Http.AuthenticationHelper.SendWithAuthAsync(HttpRequestMessage request, Uri authUri, Boolean async, ICredentials credentials, Boolean preAuthenticate, Boolean isProxyAuth, Boolean doRequestAuth, HttpConnectionPool pool, CancellationToken cancellationToken)
   at System.Net.Http.RedirectHandler.SendAsync(HttpRequestMessage request, Boolean async, CancellationToken cancellationToken)
   at GitHub.Services.Common.RawHttpMessageHandler.SendAsync(HttpRequestMessage request, CancellationToken cancellationToken)
   at GitHub.Services.Common.VssHttpRetryMessageHandler.SendAsync(HttpRequestMessage request, CancellationToken cancellationToken)
   at System.Net.Http.HttpClient.<SendAsync>g__Core|83_0(HttpRequestMessage request, HttpCompletionOption completionOption, CancellationTokenSource cts, Boolean disposeCts, CancellationTokenSource pendingRequestsCts, CancellationToken originalCancellationToken)
[2026-09-21 08:17:12Z ERR  BrokerServer] #####################################################
[2026-09-21 08:17:12Z ERR  BrokerServer] System.IO.IOException: Unable to read data from the transport connection: The I/O operation has been aborted because of either a thread exit or an application request..
 ---> System.Net.Sockets.SocketException (995): The I/O operation has been aborted because of either a thread exit or an application request.
   --- End of inner exception stack trace ---
   at System.Net.Sockets.Socket.AwaitableSocketAsyncEventArgs.System.Threading.Tasks.Sources.IValueTaskSource<System.Int32>.GetResult(Int16 token)
   at System.Net.Security.SslStream.EnsureFullTlsFrameAsync[TIOAdapter](CancellationToken cancellationToken, Int32 estimatedSize)
   at System.Runtime.CompilerServices.PoolingAsyncValueTaskMethodBuilder`1.StateMachineBox`1.System.Threading.Tasks.Sources.IValueTaskSource<TResult>.GetResult(Int16 token)
   at System.Net.Security.SslStream.ReadAsyncInternal[TIOAdapter](Memory`1 buffer, CancellationToken cancellationToken)
   at System.Runtime.CompilerServices.PoolingAsyncValueTaskMethodBuilder`1.StateMachineBox`1.System.Threading.Tasks.Sources.IValueTaskSource<TResult>.GetResult(Int16 token)
   at System.Net.Http.HttpConnection.<EnsureReadAheadTaskHasStarted>g__ReadAheadWithZeroByteReadAsync|40_0()
   at System.Net.Http.HttpConnection.SendAsync(HttpRequestMessage request, Boolean async, CancellationToken cancellationToken)
[2026-09-21 08:17:12Z ERR  BrokerServer] #####################################################
[2026-09-21 08:17:12Z ERR  BrokerServer] System.Net.Sockets.SocketException (995): The I/O operation has been aborted because of either a thread exit or an application request.
[2026-09-21 08:17:12Z WARN BrokerServer] Back off 8.635 seconds before next retry. 4 attempt left.
[2026-09-21 08:17:12Z INFO BrokerMessageListener] Get messages has been cancelled using local token source. Continue to get messages with new status.
[2026-09-21 08:19:13Z INFO RSAEncryptedFileKeyManager] Loading RSA key parameters from file C:\Users\SHAIKH SALAHUDDIN\OneDrive - Noventiq Global AI Solutions Private Limited\Desktop\app service\gha\.credentials_rsaparams
[2026-09-21 08:19:14Z INFO GitHubActionsService] AAD Correlation ID for this token request: Unknown
[2026-09-21 08:19:17Z INFO BrokerMessageListener] Acknowledging runner request '2d96d6b0-2f7b-5b1d-94f8-68f584882ab9'.
[2026-09-21 08:19:17Z INFO ConfigurationStore] HasCredentials()
[2026-09-21 08:19:17Z INFO ConfigurationStore] stored True
[2026-09-21 08:19:17Z INFO CredentialManager] GetCredentialProvider
[2026-09-21 08:19:17Z INFO CredentialManager] Creating type OAuth
[2026-09-21 08:19:17Z INFO CredentialManager] Creating credential type: OAuth
[2026-09-21 08:19:17Z INFO RSAEncryptedFileKeyManager] Loading RSA key parameters from file C:\Users\SHAIKH SALAHUDDIN\OneDrive - Noventiq Global AI Solutions Private Limited\Desktop\app service\gha\.credentials_rsaparams
[2026-09-21 08:19:17Z INFO RSAEncryptedFileKeyManager] Loading RSA key parameters from file C:\Users\SHAIKH SALAHUDDIN\OneDrive - Noventiq Global AI Solutions Private Limited\Desktop\app service\gha\.credentials_rsaparams
[2026-09-21 08:19:17Z INFO RSAEncryptedFileKeyManager] Loading RSA key parameters from file C:\Users\SHAIKH SALAHUDDIN\OneDrive - Noventiq Global AI Solutions Private Limited\Desktop\app service\gha\.credentials_rsaparams
[2026-09-21 08:19:18Z INFO GitHubActionsService] AAD Correlation ID for this token request: Unknown
[2026-09-21 08:19:20Z INFO JobDispatcher] Job request 0 for plan 120b44d6-3744-4adf-93d9-5ad0ffdd066a job 2d96d6b0-2f7b-5b1d-94f8-68f584882ab9 received.
[2026-09-21 08:19:20Z INFO JobDispatcher] Pull OrchestrationId 120b44d6-3744-4adf-93d9-5ad0ffdd066a.test-kubernetes.__default from JWT claims
[2026-09-21 08:19:20Z INFO BrokerMessageListener] Received job status event. JobState: Busy
[2026-09-21 08:19:20Z INFO BrokerMessageListener] _getMessagesTokenSource is already disposed.
[2026-09-21 08:19:20Z INFO JobDispatcher] Job request 3f041d0a-caab-5e66-9f26-86cc1c508635 processed succeed.
[2026-09-21 08:19:20Z INFO Terminal] WRITE LINE: 2026-09-21 08:19:20Z: Running job: test-kubernetes
[2026-09-21 08:19:20Z INFO JobDispatcher] Start renew job request 0 for job 2d96d6b0-2f7b-5b1d-94f8-68f584882ab9.
[2026-09-21 08:19:21Z INFO JobDispatcher] Successfully renew job 2d96d6b0-2f7b-5b1d-94f8-68f584882ab9, job is valid till 9/21/2026 8:29:21 AM
[2026-09-21 08:19:21Z INFO HostContext] Well known directory 'Bin': 'C:\Users\SHAIKH SALAHUDDIN\OneDrive - Noventiq Global AI Solutions Private Limited\Desktop\app service\gha\bin'
[2026-09-21 08:19:21Z INFO ProcessInvokerWrapper] Starting process:
[2026-09-21 08:19:21Z INFO ProcessInvokerWrapper]   File name: 'C:\Users\SHAIKH SALAHUDDIN\OneDrive - Noventiq Global AI Solutions Private Limited\Desktop\app service\gha\bin\Runner.Worker.exe'
[2026-09-21 08:19:21Z INFO ProcessInvokerWrapper]   Arguments: 'spawnclient 2344 1992'
[2026-09-21 08:19:21Z INFO ProcessInvokerWrapper]   Working directory: 'C:\Users\SHAIKH SALAHUDDIN\OneDrive - Noventiq Global AI Solutions Private Limited\Desktop\app service\gha\bin'
[2026-09-21 08:19:21Z INFO ProcessInvokerWrapper]   Require exit code zero: 'False'
[2026-09-21 08:19:21Z INFO ProcessInvokerWrapper]   Encoding web name:  ; code page: ''
[2026-09-21 08:19:21Z INFO ProcessInvokerWrapper]   Force kill process on cancellation: 'True'
[2026-09-21 08:19:21Z INFO ProcessInvokerWrapper]   Redirected STDIN: 'False'
[2026-09-21 08:19:21Z INFO ProcessInvokerWrapper]   Persist current code page: 'False'
[2026-09-21 08:19:21Z INFO ProcessInvokerWrapper]   Keep redirected STDIN open: 'False'
[2026-09-21 08:19:21Z INFO ProcessInvokerWrapper]   High priority process: 'True'
[2026-09-21 08:19:21Z INFO ProcessInvokerWrapper] Process started with process id 29548, waiting for process exit.
[2026-09-21 08:19:21Z INFO JobDispatcher] Send job request message to worker for job 2d96d6b0-2f7b-5b1d-94f8-68f584882ab9.
[2026-09-21 08:19:21Z INFO ProcessChannel] Sending message of length 22885, with hash 'fe997158771f3fed0006aab2302dd346b45fe28180e03767a0868c71d49ed0ee'
[2026-09-21 08:19:21Z INFO JobNotification] Entering JobStarted Notification
[2026-09-21 08:19:21Z INFO JobNotification] Entering StartMonitor
[2026-09-21 08:19:30Z INFO ProcessInvokerWrapper] STDOUT/STDERR stream read finished.
[2026-09-21 08:19:30Z INFO ProcessInvokerWrapper] STDOUT/STDERR stream read finished.
[2026-09-21 08:19:30Z INFO ProcessInvokerWrapper] Finished process 29548 with exit code 100, and elapsed time 00:00:09.6679698.
[2026-09-21 08:19:30Z INFO JobDispatcher] Worker finished for job 2d96d6b0-2f7b-5b1d-94f8-68f584882ab9. Code: 100
[2026-09-21 08:19:30Z INFO JobDispatcher] finish job request for job 2d96d6b0-2f7b-5b1d-94f8-68f584882ab9 with result: Succeeded
[2026-09-21 08:19:30Z INFO Terminal] WRITE LINE: 2026-09-21 08:19:30Z: Job test-kubernetes completed with result: Succeeded
[2026-09-21 08:19:30Z INFO JobDispatcher] Stop renew job request for job 2d96d6b0-2f7b-5b1d-94f8-68f584882ab9.
[2026-09-21 08:19:30Z INFO JobDispatcher] job renew has been cancelled, stop renew job 2d96d6b0-2f7b-5b1d-94f8-68f584882ab9.
[2026-09-21 08:19:30Z INFO JobNotification] Entering JobCompleted Notification
[2026-09-21 08:19:30Z INFO JobNotification] Entering EndMonitor
[2026-09-21 08:19:30Z INFO BrokerMessageListener] Received job status event. JobState: Online
[2026-09-21 08:19:30Z WARN GitHubActionsService] GET request to https://broker.actions.githubusercontent.com/message?sessionId=6efab07f-2b66-4ecb-952d-ad6132dcf54f&status=Busy&runnerVersion=2.337.0&os=Windows&architecture=X64&disableUpdate=false has been cancelled.
[2026-09-21 08:19:30Z ERR  BrokerServer] Catch exception during request
[2026-09-21 08:19:30Z ERR  BrokerServer] System.Threading.Tasks.TaskCanceledException: The operation was canceled.
 ---> System.Threading.Tasks.TaskCanceledException: The operation was canceled.
 ---> System.IO.IOException: Unable to read data from the transport connection: The I/O operation has been aborted because of either a thread exit or an application request..
 ---> System.Net.Sockets.SocketException (995): The I/O operation has been aborted because of either a thread exit or an application request.
   --- End of inner exception stack trace ---
   at System.Net.Sockets.Socket.AwaitableSocketAsyncEventArgs.System.Threading.Tasks.Sources.IValueTaskSource<System.Int32>.GetResult(Int16 token)
   at System.Net.Security.SslStream.EnsureFullTlsFrameAsync[TIOAdapter](CancellationToken cancellationToken, Int32 estimatedSize)
   at System.Runtime.CompilerServices.PoolingAsyncValueTaskMethodBuilder`1.StateMachineBox`1.System.Threading.Tasks.Sources.IValueTaskSource<TResult>.GetResult(Int16 token)
   at System.Net.Security.SslStream.ReadAsyncInternal[TIOAdapter](Memory`1 buffer, CancellationToken cancellationToken)
   at System.Runtime.CompilerServices.PoolingAsyncValueTaskMethodBuilder`1.StateMachineBox`1.System.Threading.Tasks.Sources.IValueTaskSource<TResult>.GetResult(Int16 token)
   at System.Net.Http.HttpConnection.SendAsync(HttpRequestMessage request, Boolean async, CancellationToken cancellationToken)
   --- End of inner exception stack trace ---
   at System.Net.Http.HttpConnection.SendAsync(HttpRequestMessage request, Boolean async, CancellationToken cancellationToken)
   at System.Net.Http.AuthenticationHelper.SendWithNtAuthAsync(HttpRequestMessage request, Uri authUri, Boolean async, ICredentials credentials, Boolean isProxyAuth, HttpConnection connection, HttpConnectionPool connectionPool, CancellationToken cancellationToken)
   at System.Net.Http.HttpConnectionPool.SendWithVersionDetectionAndRetryAsync(HttpRequestMessage request, Boolean async, Boolean doRequestAuth, CancellationToken cancellationToken)
   at System.Net.Http.AuthenticationHelper.SendWithAuthAsync(HttpRequestMessage request, Uri authUri, Boolean async, ICredentials credentials, Boolean preAuthenticate, Boolean isProxyAuth, Boolean doRequestAuth, HttpConnectionPool pool, CancellationToken cancellationToken)
   at System.Net.Http.RedirectHandler.SendAsync(HttpRequestMessage request, Boolean async, CancellationToken cancellationToken)
   at GitHub.Services.Common.RawHttpMessageHandler.SendAsync(HttpRequestMessage request, CancellationToken cancellationToken)
   at GitHub.Services.Common.VssHttpRetryMessageHandler.SendAsync(HttpRequestMessage request, CancellationToken cancellationToken)
   at System.Net.Http.HttpClient.<SendAsync>g__Core|83_0(HttpRequestMessage request, HttpCompletionOption completionOption, CancellationTokenSource cts, Boolean disposeCts, CancellationTokenSource pendingRequestsCts, CancellationToken originalCancellationToken)
   --- End of inner exception stack trace ---
   at System.Net.Http.HttpClient.HandleFailure(Exception e, Boolean telemetryStarted, HttpResponseMessage response, CancellationTokenSource cts, CancellationToken cancellationToken, CancellationTokenSource pendingRequestsCts)
   at System.Net.Http.HttpClient.<SendAsync>g__Core|83_0(HttpRequestMessage request, HttpCompletionOption completionOption, CancellationTokenSource cts, Boolean disposeCts, CancellationTokenSource pendingRequestsCts, CancellationToken originalCancellationToken)
   at Sdk.WebApi.WebApi.RawHttpClientBase.SendAsync(HttpRequestMessage message, HttpCompletionOption completionOption, Object userState, CancellationToken cancellationToken)
   at Sdk.WebApi.WebApi.RawHttpClientBase.SendAsync[T](HttpRequestMessage message, Boolean readErrorBody, Object userState, CancellationToken cancellationToken)
   at Sdk.WebApi.WebApi.RawHttpClientBase.SendAsync[T](HttpMethod method, IEnumerable`1 additionalHeaders, Uri requestUri, HttpContent content, IEnumerable`1 queryParameters, Boolean readErrorBody, Object userState, CancellationToken cancellationToken)
   at GitHub.Actions.RunService.WebApi.BrokerHttpClient.GetRunnerMessageAsync(Nullable`1 sessionId, String runnerVersion, Nullable`1 status, String os, String architecture, Nullable`1 disableUpdate, CancellationToken cancellationToken)
   at GitHub.Runner.Common.BrokerServer.<>c__DisplayClass7_0.<<GetRunnerMessageAsync>b__0>d.MoveNext()
--- End of stack trace from previous location ---
   at GitHub.Runner.Common.RunnerService.RetryRequest[T](Func`1 func, CancellationToken cancellationToken, Int32 maxAttempts, Func`2 shouldRetry)
[2026-09-21 08:19:30Z ERR  BrokerServer] #####################################################
[2026-09-21 08:19:30Z ERR  BrokerServer] System.Threading.Tasks.TaskCanceledException: The operation was canceled.
 ---> System.IO.IOException: Unable to read data from the transport connection: The I/O operation has been aborted because of either a thread exit or an application request..
 ---> System.Net.Sockets.SocketException (995): The I/O operation has been aborted because of either a thread exit or an application request.
   --- End of inner exception stack trace ---
   at System.Net.Sockets.Socket.AwaitableSocketAsyncEventArgs.System.Threading.Tasks.Sources.IValueTaskSource<System.Int32>.GetResult(Int16 token)
   at System.Net.Security.SslStream.EnsureFullTlsFrameAsync[TIOAdapter](CancellationToken cancellationToken, Int32 estimatedSize)
   at System.Runtime.CompilerServices.PoolingAsyncValueTaskMethodBuilder`1.StateMachineBox`1.System.Threading.Tasks.Sources.IValueTaskSource<TResult>.GetResult(Int16 token)
   at System.Net.Security.SslStream.ReadAsyncInternal[TIOAdapter](Memory`1 buffer, CancellationToken cancellationToken)
   at System.Runtime.CompilerServices.PoolingAsyncValueTaskMethodBuilder`1.StateMachineBox`1.System.Threading.Tasks.Sources.IValueTaskSource<TResult>.GetResult(Int16 token)
   at System.Net.Http.HttpConnection.SendAsync(HttpRequestMessage request, Boolean async, CancellationToken cancellationToken)
   --- End of inner exception stack trace ---
   at System.Net.Http.HttpConnection.SendAsync(HttpRequestMessage request, Boolean async, CancellationToken cancellationToken)
   at System.Net.Http.AuthenticationHelper.SendWithNtAuthAsync(HttpRequestMessage request, Uri authUri, Boolean async, ICredentials credentials, Boolean isProxyAuth, HttpConnection connection, HttpConnectionPool connectionPool, CancellationToken cancellationToken)
   at System.Net.Http.HttpConnectionPool.SendWithVersionDetectionAndRetryAsync(HttpRequestMessage request, Boolean async, Boolean doRequestAuth, CancellationToken cancellationToken)
   at System.Net.Http.AuthenticationHelper.SendWithAuthAsync(HttpRequestMessage request, Uri authUri, Boolean async, ICredentials credentials, Boolean preAuthenticate, Boolean isProxyAuth, Boolean doRequestAuth, HttpConnectionPool pool, CancellationToken cancellationToken)
   at System.Net.Http.RedirectHandler.SendAsync(HttpRequestMessage request, Boolean async, CancellationToken cancellationToken)
   at GitHub.Services.Common.RawHttpMessageHandler.SendAsync(HttpRequestMessage request, CancellationToken cancellationToken)
   at GitHub.Services.Common.VssHttpRetryMessageHandler.SendAsync(HttpRequestMessage request, CancellationToken cancellationToken)
   at System.Net.Http.HttpClient.<SendAsync>g__Core|83_0(HttpRequestMessage request, HttpCompletionOption completionOption, CancellationTokenSource cts, Boolean disposeCts, CancellationTokenSource pendingRequestsCts, CancellationToken originalCancellationToken)
[2026-09-21 08:19:30Z ERR  BrokerServer] #####################################################
[2026-09-21 08:19:30Z ERR  BrokerServer] System.IO.IOException: Unable to read data from the transport connection: The I/O operation has been aborted because of either a thread exit or an application request..
 ---> System.Net.Sockets.SocketException (995): The I/O operation has been aborted because of either a thread exit or an application request.
   --- End of inner exception stack trace ---
   at System.Net.Sockets.Socket.AwaitableSocketAsyncEventArgs.System.Threading.Tasks.Sources.IValueTaskSource<System.Int32>.GetResult(Int16 token)
   at System.Net.Security.SslStream.EnsureFullTlsFrameAsync[TIOAdapter](CancellationToken cancellationToken, Int32 estimatedSize)
   at System.Runtime.CompilerServices.PoolingAsyncValueTaskMethodBuilder`1.StateMachineBox`1.System.Threading.Tasks.Sources.IValueTaskSource<TResult>.GetResult(Int16 token)
   at System.Net.Security.SslStream.ReadAsyncInternal[TIOAdapter](Memory`1 buffer, CancellationToken cancellationToken)
   at System.Runtime.CompilerServices.PoolingAsyncValueTaskMethodBuilder`1.StateMachineBox`1.System.Threading.Tasks.Sources.IValueTaskSource<TResult>.GetResult(Int16 token)
   at System.Net.Http.HttpConnection.SendAsync(HttpRequestMessage request, Boolean async, CancellationToken cancellationToken)
[2026-09-21 08:19:30Z ERR  BrokerServer] #####################################################
[2026-09-21 08:19:30Z ERR  BrokerServer] System.Net.Sockets.SocketException (995): The I/O operation has been aborted because of either a thread exit or an application request.
[2026-09-21 08:19:30Z WARN BrokerServer] Back off 12.185 seconds before next retry. 4 attempt left.
[2026-09-21 08:19:30Z INFO BrokerMessageListener] Get messages has been cancelled using local token source. Continue to get messages with new status.
[2026-09-21 09:09:45Z INFO RSAEncryptedFileKeyManager] Loading RSA key parameters from file C:\Users\SHAIKH SALAHUDDIN\OneDrive - Noventiq Global AI Solutions Private Limited\Desktop\app service\gha\.credentials_rsaparams
[2026-09-21 09:09:46Z INFO GitHubActionsService] AAD Correlation ID for this token request: Unknown
[2026-09-21 10:00:00Z INFO RSAEncryptedFileKeyManager] Loading RSA key parameters from file C:\Users\SHAIKH SALAHUDDIN\OneDrive - Noventiq Global AI Solutions Private Limited\Desktop\app service\gha\.credentials_rsaparams
[2026-09-21 10:00:01Z INFO GitHubActionsService] AAD Correlation ID for this token request: Unknown
[2026-09-21 10:50:15Z INFO RSAEncryptedFileKeyManager] Loading RSA key parameters from file C:\Users\SHAIKH SALAHUDDIN\OneDrive - Noventiq Global AI Solutions Private Limited\Desktop\app service\gha\.credentials_rsaparams
[2026-09-21 10:50:17Z INFO GitHubActionsService] AAD Correlation ID for this token request: Unknown
[2026-09-21 11:30:06Z INFO BrokerMessageListener] Acknowledging runner request '05c158f8-74f4-5e66-bb1a-128146f5afb1'.
[2026-09-21 11:30:06Z INFO ConfigurationStore] HasCredentials()
[2026-09-21 11:30:06Z INFO ConfigurationStore] stored True
[2026-09-21 11:30:06Z INFO CredentialManager] GetCredentialProvider
[2026-09-21 11:30:06Z INFO CredentialManager] Creating type OAuth
[2026-09-21 11:30:06Z INFO CredentialManager] Creating credential type: OAuth
[2026-09-21 11:30:06Z INFO RSAEncryptedFileKeyManager] Loading RSA key parameters from file C:\Users\SHAIKH SALAHUDDIN\OneDrive - Noventiq Global AI Solutions Private Limited\Desktop\app service\gha\.credentials_rsaparams
[2026-09-21 11:30:06Z INFO RSAEncryptedFileKeyManager] Loading RSA key parameters from file C:\Users\SHAIKH SALAHUDDIN\OneDrive - Noventiq Global AI Solutions Private Limited\Desktop\app service\gha\.credentials_rsaparams
[2026-09-21 11:30:06Z INFO RSAEncryptedFileKeyManager] Loading RSA key parameters from file C:\Users\SHAIKH SALAHUDDIN\OneDrive - Noventiq Global AI Solutions Private Limited\Desktop\app service\gha\.credentials_rsaparams
[2026-09-21 11:30:07Z INFO GitHubActionsService] AAD Correlation ID for this token request: Unknown
[2026-09-21 11:30:08Z INFO JobDispatcher] Job request 0 for plan bbe59a2b-c500-4d9f-a884-294664421333 job 05c158f8-74f4-5e66-bb1a-128146f5afb1 received.
[2026-09-21 11:30:08Z INFO JobDispatcher] Pull OrchestrationId bbe59a2b-c500-4d9f-a884-294664421333.test-kubernetes.__default from JWT claims
[2026-09-21 11:30:08Z INFO BrokerMessageListener] Received job status event. JobState: Busy
[2026-09-21 11:30:08Z INFO BrokerMessageListener] _getMessagesTokenSource is already disposed.
[2026-09-21 11:30:08Z INFO JobDispatcher] Job request 2d96d6b0-2f7b-5b1d-94f8-68f584882ab9 processed succeed.
[2026-09-21 11:30:08Z INFO Terminal] WRITE LINE: 2026-09-21 11:30:08Z: Running job: test-kubernetes
[2026-09-21 11:30:08Z INFO JobDispatcher] Start renew job request 0 for job 05c158f8-74f4-5e66-bb1a-128146f5afb1.
[2026-09-21 11:30:10Z INFO JobDispatcher] Successfully renew job 05c158f8-74f4-5e66-bb1a-128146f5afb1, job is valid till 9/21/2026 11:40:09 AM
[2026-09-21 11:30:10Z INFO HostContext] Well known directory 'Bin': 'C:\Users\SHAIKH SALAHUDDIN\OneDrive - Noventiq Global AI Solutions Private Limited\Desktop\app service\gha\bin'
[2026-09-21 11:30:10Z INFO ProcessInvokerWrapper] Starting process:
[2026-09-21 11:30:10Z INFO ProcessInvokerWrapper]   File name: 'C:\Users\SHAIKH SALAHUDDIN\OneDrive - Noventiq Global AI Solutions Private Limited\Desktop\app service\gha\bin\Runner.Worker.exe'
[2026-09-21 11:30:10Z INFO ProcessInvokerWrapper]   Arguments: 'spawnclient 1496 1384'
[2026-09-21 11:30:10Z INFO ProcessInvokerWrapper]   Working directory: 'C:\Users\SHAIKH SALAHUDDIN\OneDrive - Noventiq Global AI Solutions Private Limited\Desktop\app service\gha\bin'
[2026-09-21 11:30:10Z INFO ProcessInvokerWrapper]   Require exit code zero: 'False'
[2026-09-21 11:30:10Z INFO ProcessInvokerWrapper]   Encoding web name:  ; code page: ''
[2026-09-21 11:30:10Z INFO ProcessInvokerWrapper]   Force kill process on cancellation: 'True'
[2026-09-21 11:30:10Z INFO ProcessInvokerWrapper]   Redirected STDIN: 'False'
[2026-09-21 11:30:10Z INFO ProcessInvokerWrapper]   Persist current code page: 'False'
[2026-09-21 11:30:10Z INFO ProcessInvokerWrapper]   Keep redirected STDIN open: 'False'
[2026-09-21 11:30:10Z INFO ProcessInvokerWrapper]   High priority process: 'True'
[2026-09-21 11:30:10Z INFO ProcessInvokerWrapper] Process started with process id 3424, waiting for process exit.
[2026-09-21 11:30:10Z INFO JobDispatcher] Send job request message to worker for job 05c158f8-74f4-5e66-bb1a-128146f5afb1.
[2026-09-21 11:30:10Z INFO ProcessChannel] Sending message of length 23721, with hash '1e4831c2066108aa3236f0984e369d1b07b404da69f9baa6b723b312788db232'
[2026-09-21 11:30:12Z INFO JobNotification] Entering JobStarted Notification
[2026-09-21 11:30:12Z INFO JobNotification] Entering StartMonitor
[2026-09-21 11:30:23Z INFO ProcessInvokerWrapper] STDOUT/STDERR stream read finished.
[2026-09-21 11:30:23Z INFO ProcessInvokerWrapper] STDOUT/STDERR stream read finished.
[2026-09-21 11:30:23Z INFO ProcessInvokerWrapper] Finished process 3424 with exit code 100, and elapsed time 00:00:12.8435488.
[2026-09-21 11:30:23Z INFO JobDispatcher] Worker finished for job 05c158f8-74f4-5e66-bb1a-128146f5afb1. Code: 100
[2026-09-21 11:30:23Z INFO JobDispatcher] finish job request for job 05c158f8-74f4-5e66-bb1a-128146f5afb1 with result: Succeeded
[2026-09-21 11:30:23Z INFO Terminal] WRITE LINE: 2026-09-21 11:30:23Z: Job test-kubernetes completed with result: Succeeded
[2026-09-21 11:30:23Z INFO JobDispatcher] Stop renew job request for job 05c158f8-74f4-5e66-bb1a-128146f5afb1.
[2026-09-21 11:30:23Z INFO JobDispatcher] job renew has been cancelled, stop renew job 05c158f8-74f4-5e66-bb1a-128146f5afb1.
[2026-09-21 11:30:23Z INFO JobNotification] Entering JobCompleted Notification
[2026-09-21 11:30:23Z INFO JobNotification] Entering EndMonitor
[2026-09-21 11:30:23Z INFO BrokerMessageListener] Received job status event. JobState: Online
[2026-09-21 11:30:23Z WARN GitHubActionsService] GET request to https://broker.actions.githubusercontent.com/message?sessionId=6efab07f-2b66-4ecb-952d-ad6132dcf54f&status=Busy&runnerVersion=2.337.0&os=Windows&architecture=X64&disableUpdate=false has been cancelled.
[2026-09-21 11:30:23Z ERR  BrokerServer] Catch exception during request
[2026-09-21 11:30:23Z ERR  BrokerServer] System.Threading.Tasks.TaskCanceledException: The operation was canceled.
 ---> System.Threading.Tasks.TaskCanceledException: The operation was canceled.
 ---> System.IO.IOException: Unable to read data from the transport connection: The I/O operation has been aborted because of either a thread exit or an application request..
 ---> System.Net.Sockets.SocketException (995): The I/O operation has been aborted because of either a thread exit or an application request.
   --- End of inner exception stack trace ---
   at System.Net.Sockets.Socket.AwaitableSocketAsyncEventArgs.System.Threading.Tasks.Sources.IValueTaskSource<System.Int32>.GetResult(Int16 token)
   at System.Net.Security.SslStream.EnsureFullTlsFrameAsync[TIOAdapter](CancellationToken cancellationToken, Int32 estimatedSize)
   at System.Runtime.CompilerServices.PoolingAsyncValueTaskMethodBuilder`1.StateMachineBox`1.System.Threading.Tasks.Sources.IValueTaskSource<TResult>.GetResult(Int16 token)
   at System.Net.Security.SslStream.ReadAsyncInternal[TIOAdapter](Memory`1 buffer, CancellationToken cancellationToken)
   at System.Runtime.CompilerServices.PoolingAsyncValueTaskMethodBuilder`1.StateMachineBox`1.System.Threading.Tasks.Sources.IValueTaskSource<TResult>.GetResult(Int16 token)
   at System.Net.Http.HttpConnection.<EnsureReadAheadTaskHasStarted>g__ReadAheadWithZeroByteReadAsync|40_0()
   at System.Net.Http.HttpConnection.SendAsync(HttpRequestMessage request, Boolean async, CancellationToken cancellationToken)
   --- End of inner exception stack trace ---
   at System.Net.Http.HttpConnection.SendAsync(HttpRequestMessage request, Boolean async, CancellationToken cancellationToken)
   at System.Net.Http.AuthenticationHelper.SendWithNtAuthAsync(HttpRequestMessage request, Uri authUri, Boolean async, ICredentials credentials, Boolean isProxyAuth, HttpConnection connection, HttpConnectionPool connectionPool, CancellationToken cancellationToken)
   at System.Net.Http.HttpConnectionPool.SendWithVersionDetectionAndRetryAsync(HttpRequestMessage request, Boolean async, Boolean doRequestAuth, CancellationToken cancellationToken)
   at System.Net.Http.AuthenticationHelper.SendWithAuthAsync(HttpRequestMessage request, Uri authUri, Boolean async, ICredentials credentials, Boolean preAuthenticate, Boolean isProxyAuth, Boolean doRequestAuth, HttpConnectionPool pool, CancellationToken cancellationToken)
   at System.Net.Http.RedirectHandler.SendAsync(HttpRequestMessage request, Boolean async, CancellationToken cancellationToken)
   at GitHub.Services.Common.RawHttpMessageHandler.SendAsync(HttpRequestMessage request, CancellationToken cancellationToken)
   at GitHub.Services.Common.VssHttpRetryMessageHandler.SendAsync(HttpRequestMessage request, CancellationToken cancellationToken)
   at System.Net.Http.HttpClient.<SendAsync>g__Core|83_0(HttpRequestMessage request, HttpCompletionOption completionOption, CancellationTokenSource cts, Boolean disposeCts, CancellationTokenSource pendingRequestsCts, CancellationToken originalCancellationToken)
   --- End of inner exception stack trace ---
   at System.Net.Http.HttpClient.HandleFailure(Exception e, Boolean telemetryStarted, HttpResponseMessage response, CancellationTokenSource cts, CancellationToken cancellationToken, CancellationTokenSource pendingRequestsCts)
   at System.Net.Http.HttpClient.<SendAsync>g__Core|83_0(HttpRequestMessage request, HttpCompletionOption completionOption, CancellationTokenSource cts, Boolean disposeCts, CancellationTokenSource pendingRequestsCts, CancellationToken originalCancellationToken)
   at Sdk.WebApi.WebApi.RawHttpClientBase.SendAsync(HttpRequestMessage message, HttpCompletionOption completionOption, Object userState, CancellationToken cancellationToken)
   at Sdk.WebApi.WebApi.RawHttpClientBase.SendAsync[T](HttpRequestMessage message, Boolean readErrorBody, Object userState, CancellationToken cancellationToken)
   at Sdk.WebApi.WebApi.RawHttpClientBase.SendAsync[T](HttpMethod method, IEnumerable`1 additionalHeaders, Uri requestUri, HttpContent content, IEnumerable`1 queryParameters, Boolean readErrorBody, Object userState, CancellationToken cancellationToken)
   at GitHub.Actions.RunService.WebApi.BrokerHttpClient.GetRunnerMessageAsync(Nullable`1 sessionId, String runnerVersion, Nullable`1 status, String os, String architecture, Nullable`1 disableUpdate, CancellationToken cancellationToken)
   at GitHub.Runner.Common.BrokerServer.<>c__DisplayClass7_0.<<GetRunnerMessageAsync>b__0>d.MoveNext()
--- End of stack trace from previous location ---
   at GitHub.Runner.Common.RunnerService.RetryRequest[T](Func`1 func, CancellationToken cancellationToken, Int32 maxAttempts, Func`2 shouldRetry)
[2026-09-21 11:30:23Z ERR  BrokerServer] #####################################################
[2026-09-21 11:30:23Z ERR  BrokerServer] System.Threading.Tasks.TaskCanceledException: The operation was canceled.
 ---> System.IO.IOException: Unable to read data from the transport connection: The I/O operation has been aborted because of either a thread exit or an application request..
 ---> System.Net.Sockets.SocketException (995): The I/O operation has been aborted because of either a thread exit or an application request.
   --- End of inner exception stack trace ---
   at System.Net.Sockets.Socket.AwaitableSocketAsyncEventArgs.System.Threading.Tasks.Sources.IValueTaskSource<System.Int32>.GetResult(Int16 token)
   at System.Net.Security.SslStream.EnsureFullTlsFrameAsync[TIOAdapter](CancellationToken cancellationToken, Int32 estimatedSize)
   at System.Runtime.CompilerServices.PoolingAsyncValueTaskMethodBuilder`1.StateMachineBox`1.System.Threading.Tasks.Sources.IValueTaskSource<TResult>.GetResult(Int16 token)
   at System.Net.Security.SslStream.ReadAsyncInternal[TIOAdapter](Memory`1 buffer, CancellationToken cancellationToken)
   at System.Runtime.CompilerServices.PoolingAsyncValueTaskMethodBuilder`1.StateMachineBox`1.System.Threading.Tasks.Sources.IValueTaskSource<TResult>.GetResult(Int16 token)
   at System.Net.Http.HttpConnection.<EnsureReadAheadTaskHasStarted>g__ReadAheadWithZeroByteReadAsync|40_0()
   at System.Net.Http.HttpConnection.SendAsync(HttpRequestMessage request, Boolean async, CancellationToken cancellationToken)
   --- End of inner exception stack trace ---
   at System.Net.Http.HttpConnection.SendAsync(HttpRequestMessage request, Boolean async, CancellationToken cancellationToken)
   at System.Net.Http.AuthenticationHelper.SendWithNtAuthAsync(HttpRequestMessage request, Uri authUri, Boolean async, ICredentials credentials, Boolean isProxyAuth, HttpConnection connection, HttpConnectionPool connectionPool, CancellationToken cancellationToken)
   at System.Net.Http.HttpConnectionPool.SendWithVersionDetectionAndRetryAsync(HttpRequestMessage request, Boolean async, Boolean doRequestAuth, CancellationToken cancellationToken)
   at System.Net.Http.AuthenticationHelper.SendWithAuthAsync(HttpRequestMessage request, Uri authUri, Boolean async, ICredentials credentials, Boolean preAuthenticate, Boolean isProxyAuth, Boolean doRequestAuth, HttpConnectionPool pool, CancellationToken cancellationToken)
   at System.Net.Http.RedirectHandler.SendAsync(HttpRequestMessage request, Boolean async, CancellationToken cancellationToken)
   at GitHub.Services.Common.RawHttpMessageHandler.SendAsync(HttpRequestMessage request, CancellationToken cancellationToken)
   at GitHub.Services.Common.VssHttpRetryMessageHandler.SendAsync(HttpRequestMessage request, CancellationToken cancellationToken)
   at System.Net.Http.HttpClient.<SendAsync>g__Core|83_0(HttpRequestMessage request, HttpCompletionOption completionOption, CancellationTokenSource cts, Boolean disposeCts, CancellationTokenSource pendingRequestsCts, CancellationToken originalCancellationToken)
[2026-09-21 11:30:23Z ERR  BrokerServer] #####################################################
[2026-09-21 11:30:23Z ERR  BrokerServer] System.IO.IOException: Unable to read data from the transport connection: The I/O operation has been aborted because of either a thread exit or an application request..
 ---> System.Net.Sockets.SocketException (995): The I/O operation has been aborted because of either a thread exit or an application request.
   --- End of inner exception stack trace ---
   at System.Net.Sockets.Socket.AwaitableSocketAsyncEventArgs.System.Threading.Tasks.Sources.IValueTaskSource<System.Int32>.GetResult(Int16 token)
   at System.Net.Security.SslStream.EnsureFullTlsFrameAsync[TIOAdapter](CancellationToken cancellationToken, Int32 estimatedSize)
   at System.Runtime.CompilerServices.PoolingAsyncValueTaskMethodBuilder`1.StateMachineBox`1.System.Threading.Tasks.Sources.IValueTaskSource<TResult>.GetResult(Int16 token)
   at System.Net.Security.SslStream.ReadAsyncInternal[TIOAdapter](Memory`1 buffer, CancellationToken cancellationToken)
   at System.Runtime.CompilerServices.PoolingAsyncValueTaskMethodBuilder`1.StateMachineBox`1.System.Threading.Tasks.Sources.IValueTaskSource<TResult>.GetResult(Int16 token)
   at System.Net.Http.HttpConnection.<EnsureReadAheadTaskHasStarted>g__ReadAheadWithZeroByteReadAsync|40_0()
   at System.Net.Http.HttpConnection.SendAsync(HttpRequestMessage request, Boolean async, CancellationToken cancellationToken)
[2026-09-21 11:30:23Z ERR  BrokerServer] #####################################################
[2026-09-21 11:30:23Z ERR  BrokerServer] System.Net.Sockets.SocketException (995): The I/O operation has been aborted because of either a thread exit or an application request.
[2026-09-21 11:30:23Z WARN BrokerServer] Back off 9.114 seconds before next retry. 4 attempt left.
[2026-09-21 11:30:23Z INFO BrokerMessageListener] Get messages has been cancelled using local token source. Continue to get messages with new status.
[2026-09-21 11:40:27Z INFO RSAEncryptedFileKeyManager] Loading RSA key parameters from file C:\Users\SHAIKH SALAHUDDIN\OneDrive - Noventiq Global AI Solutions Private Limited\Desktop\app service\gha\.credentials_rsaparams
[2026-09-21 11:40:28Z INFO GitHubActionsService] AAD Correlation ID for this token request: Unknown
[2026-09-21 12:30:42Z INFO RSAEncryptedFileKeyManager] Loading RSA key parameters from file C:\Users\SHAIKH SALAHUDDIN\OneDrive - Noventiq Global AI Solutions Private Limited\Desktop\app service\gha\.credentials_rsaparams
[2026-09-21 12:30:43Z INFO GitHubActionsService] AAD Correlation ID for this token request: Unknown
[2026-09-21 13:20:57Z INFO RSAEncryptedFileKeyManager] Loading RSA key parameters from file C:\Users\SHAIKH SALAHUDDIN\OneDrive - Noventiq Global AI Solutions Private Limited\Desktop\app service\gha\.credentials_rsaparams
[2026-09-21 13:20:58Z INFO GitHubActionsService] AAD Correlation ID for this token request: Unknown
[2026-09-21 13:34:21Z INFO BrokerMessageListener] Acknowledging runner request '23a8b5ca-cf09-5eb6-8c47-1098aa2b000b'.
[2026-09-21 13:34:21Z INFO ConfigurationStore] HasCredentials()
[2026-09-21 13:34:21Z INFO ConfigurationStore] stored True
[2026-09-21 13:34:21Z INFO CredentialManager] GetCredentialProvider
[2026-09-21 13:34:21Z INFO CredentialManager] Creating type OAuth
[2026-09-21 13:34:21Z INFO CredentialManager] Creating credential type: OAuth
[2026-09-21 13:34:21Z INFO RSAEncryptedFileKeyManager] Loading RSA key parameters from file C:\Users\SHAIKH SALAHUDDIN\OneDrive - Noventiq Global AI Solutions Private Limited\Desktop\app service\gha\.credentials_rsaparams
[2026-09-21 13:34:21Z INFO RSAEncryptedFileKeyManager] Loading RSA key parameters from file C:\Users\SHAIKH SALAHUDDIN\OneDrive - Noventiq Global AI Solutions Private Limited\Desktop\app service\gha\.credentials_rsaparams
[2026-09-21 13:34:21Z INFO RSAEncryptedFileKeyManager] Loading RSA key parameters from file C:\Users\SHAIKH SALAHUDDIN\OneDrive - Noventiq Global AI Solutions Private Limited\Desktop\app service\gha\.credentials_rsaparams
[2026-09-21 13:34:22Z INFO GitHubActionsService] AAD Correlation ID for this token request: Unknown
[2026-09-21 13:34:24Z INFO JobDispatcher] Job request 0 for plan 039bac7c-49f1-4ffa-b607-35bd5e6d47b2 job 23a8b5ca-cf09-5eb6-8c47-1098aa2b000b received.
[2026-09-21 13:34:24Z INFO JobDispatcher] Pull OrchestrationId 039bac7c-49f1-4ffa-b607-35bd5e6d47b2.deploy-nginx.__default from JWT claims
[2026-09-21 13:34:24Z INFO BrokerMessageListener] Received job status event. JobState: Busy
[2026-09-21 13:34:24Z INFO BrokerMessageListener] _getMessagesTokenSource is already disposed.
[2026-09-21 13:34:24Z INFO JobDispatcher] Job request 05c158f8-74f4-5e66-bb1a-128146f5afb1 processed succeed.
[2026-09-21 13:34:24Z INFO Terminal] WRITE LINE: 2026-09-21 13:34:24Z: Running job: deploy-nginx
[2026-09-21 13:34:24Z INFO JobDispatcher] Start renew job request 0 for job 23a8b5ca-cf09-5eb6-8c47-1098aa2b000b.
[2026-09-21 13:34:24Z INFO JobDispatcher] Successfully renew job 23a8b5ca-cf09-5eb6-8c47-1098aa2b000b, job is valid till 9/21/2026 1:44:24 PM
[2026-09-21 13:34:24Z INFO HostContext] Well known directory 'Bin': 'C:\Users\SHAIKH SALAHUDDIN\OneDrive - Noventiq Global AI Solutions Private Limited\Desktop\app service\gha\bin'
[2026-09-21 13:34:24Z INFO ProcessInvokerWrapper] Starting process:
[2026-09-21 13:34:24Z INFO ProcessInvokerWrapper]   File name: 'C:\Users\SHAIKH SALAHUDDIN\OneDrive - Noventiq Global AI Solutions Private Limited\Desktop\app service\gha\bin\Runner.Worker.exe'
[2026-09-21 13:34:24Z INFO ProcessInvokerWrapper]   Arguments: 'spawnclient 2532 2556'
[2026-09-21 13:34:24Z INFO ProcessInvokerWrapper]   Working directory: 'C:\Users\SHAIKH SALAHUDDIN\OneDrive - Noventiq Global AI Solutions Private Limited\Desktop\app service\gha\bin'
[2026-09-21 13:34:24Z INFO ProcessInvokerWrapper]   Require exit code zero: 'False'
[2026-09-21 13:34:24Z INFO ProcessInvokerWrapper]   Encoding web name:  ; code page: ''
[2026-09-21 13:34:24Z INFO ProcessInvokerWrapper]   Force kill process on cancellation: 'True'
[2026-09-21 13:34:24Z INFO ProcessInvokerWrapper]   Redirected STDIN: 'False'
[2026-09-21 13:34:24Z INFO ProcessInvokerWrapper]   Persist current code page: 'False'
[2026-09-21 13:34:24Z INFO ProcessInvokerWrapper]   Keep redirected STDIN open: 'False'
[2026-09-21 13:34:24Z INFO ProcessInvokerWrapper]   High priority process: 'True'
[2026-09-21 13:34:25Z INFO ProcessInvokerWrapper] Process started with process id 13700, waiting for process exit.
[2026-09-21 13:34:25Z INFO JobDispatcher] Send job request message to worker for job 23a8b5ca-cf09-5eb6-8c47-1098aa2b000b.
[2026-09-21 13:34:25Z INFO ProcessChannel] Sending message of length 21893, with hash '40791aba149ec1313997ce345ef48edac39ec447d89dbc7583bc07c39b34bbb8'
[2026-09-21 13:34:25Z INFO JobNotification] Entering JobStarted Notification
[2026-09-21 13:34:25Z INFO JobNotification] Entering StartMonitor
[2026-09-21 13:34:37Z INFO ProcessInvokerWrapper] STDOUT/STDERR stream read finished.
[2026-09-21 13:34:37Z INFO ProcessInvokerWrapper] STDOUT/STDERR stream read finished.
[2026-09-21 13:34:37Z INFO ProcessInvokerWrapper] Finished process 13700 with exit code 102, and elapsed time 00:00:12.3215422.
[2026-09-21 13:34:37Z INFO JobDispatcher] Worker finished for job 23a8b5ca-cf09-5eb6-8c47-1098aa2b000b. Code: 102
[2026-09-21 13:34:37Z INFO JobDispatcher] finish job request for job 23a8b5ca-cf09-5eb6-8c47-1098aa2b000b with result: Failed
[2026-09-21 13:34:37Z INFO Terminal] WRITE LINE: 2026-09-21 13:34:37Z: Job deploy-nginx completed with result: Failed
[2026-09-21 13:34:37Z INFO JobDispatcher] Stop renew job request for job 23a8b5ca-cf09-5eb6-8c47-1098aa2b000b.
[2026-09-21 13:34:37Z INFO JobDispatcher] job renew has been cancelled, stop renew job 23a8b5ca-cf09-5eb6-8c47-1098aa2b000b.
[2026-09-21 13:34:37Z INFO JobNotification] Entering JobCompleted Notification
[2026-09-21 13:34:37Z INFO JobNotification] Entering EndMonitor
[2026-09-21 13:34:37Z INFO BrokerMessageListener] Received job status event. JobState: Online
[2026-09-21 13:34:37Z WARN GitHubActionsService] GET request to https://broker.actions.githubusercontent.com/message?sessionId=6efab07f-2b66-4ecb-952d-ad6132dcf54f&status=Busy&runnerVersion=2.337.0&os=Windows&architecture=X64&disableUpdate=false has been cancelled.
[2026-09-21 13:34:37Z ERR  BrokerServer] Catch exception during request
[2026-09-21 13:34:37Z ERR  BrokerServer] System.Threading.Tasks.TaskCanceledException: The operation was canceled.
 ---> System.Threading.Tasks.TaskCanceledException: The operation was canceled.
 ---> System.IO.IOException: Unable to read data from the transport connection: The I/O operation has been aborted because of either a thread exit or an application request..
 ---> System.Net.Sockets.SocketException (995): The I/O operation has been aborted because of either a thread exit or an application request.
   --- End of inner exception stack trace ---
   at System.Net.Sockets.Socket.AwaitableSocketAsyncEventArgs.System.Threading.Tasks.Sources.IValueTaskSource<System.Int32>.GetResult(Int16 token)
   at System.Net.Security.SslStream.EnsureFullTlsFrameAsync[TIOAdapter](CancellationToken cancellationToken, Int32 estimatedSize)
   at System.Runtime.CompilerServices.PoolingAsyncValueTaskMethodBuilder`1.StateMachineBox`1.System.Threading.Tasks.Sources.IValueTaskSource<TResult>.GetResult(Int16 token)
   at System.Net.Security.SslStream.ReadAsyncInternal[TIOAdapter](Memory`1 buffer, CancellationToken cancellationToken)
   at System.Runtime.CompilerServices.PoolingAsyncValueTaskMethodBuilder`1.StateMachineBox`1.System.Threading.Tasks.Sources.IValueTaskSource<TResult>.GetResult(Int16 token)
   at System.Net.Http.HttpConnection.SendAsync(HttpRequestMessage request, Boolean async, CancellationToken cancellationToken)
   --- End of inner exception stack trace ---
   at System.Net.Http.HttpConnection.SendAsync(HttpRequestMessage request, Boolean async, CancellationToken cancellationToken)
   at System.Net.Http.AuthenticationHelper.SendWithNtAuthAsync(HttpRequestMessage request, Uri authUri, Boolean async, ICredentials credentials, Boolean isProxyAuth, HttpConnection connection, HttpConnectionPool connectionPool, CancellationToken cancellationToken)
   at System.Net.Http.HttpConnectionPool.SendWithVersionDetectionAndRetryAsync(HttpRequestMessage request, Boolean async, Boolean doRequestAuth, CancellationToken cancellationToken)
   at System.Net.Http.AuthenticationHelper.SendWithAuthAsync(HttpRequestMessage request, Uri authUri, Boolean async, ICredentials credentials, Boolean preAuthenticate, Boolean isProxyAuth, Boolean doRequestAuth, HttpConnectionPool pool, CancellationToken cancellationToken)
   at System.Net.Http.RedirectHandler.SendAsync(HttpRequestMessage request, Boolean async, CancellationToken cancellationToken)
   at GitHub.Services.Common.RawHttpMessageHandler.SendAsync(HttpRequestMessage request, CancellationToken cancellationToken)
   at GitHub.Services.Common.VssHttpRetryMessageHandler.SendAsync(HttpRequestMessage request, CancellationToken cancellationToken)
   at System.Net.Http.HttpClient.<SendAsync>g__Core|83_0(HttpRequestMessage request, HttpCompletionOption completionOption, CancellationTokenSource cts, Boolean disposeCts, CancellationTokenSource pendingRequestsCts, CancellationToken originalCancellationToken)
   --- End of inner exception stack trace ---
   at System.Net.Http.HttpClient.HandleFailure(Exception e, Boolean telemetryStarted, HttpResponseMessage response, CancellationTokenSource cts, CancellationToken cancellationToken, CancellationTokenSource pendingRequestsCts)
   at System.Net.Http.HttpClient.<SendAsync>g__Core|83_0(HttpRequestMessage request, HttpCompletionOption completionOption, CancellationTokenSource cts, Boolean disposeCts, CancellationTokenSource pendingRequestsCts, CancellationToken originalCancellationToken)
   at Sdk.WebApi.WebApi.RawHttpClientBase.SendAsync(HttpRequestMessage message, HttpCompletionOption completionOption, Object userState, CancellationToken cancellationToken)
   at Sdk.WebApi.WebApi.RawHttpClientBase.SendAsync[T](HttpRequestMessage message, Boolean readErrorBody, Object userState, CancellationToken cancellationToken)
   at Sdk.WebApi.WebApi.RawHttpClientBase.SendAsync[T](HttpMethod method, IEnumerable`1 additionalHeaders, Uri requestUri, HttpContent content, IEnumerable`1 queryParameters, Boolean readErrorBody, Object userState, CancellationToken cancellationToken)
   at GitHub.Actions.RunService.WebApi.BrokerHttpClient.GetRunnerMessageAsync(Nullable`1 sessionId, String runnerVersion, Nullable`1 status, String os, String architecture, Nullable`1 disableUpdate, CancellationToken cancellationToken)
   at GitHub.Runner.Common.BrokerServer.<>c__DisplayClass7_0.<<GetRunnerMessageAsync>b__0>d.MoveNext()
--- End of stack trace from previous location ---
   at GitHub.Runner.Common.RunnerService.RetryRequest[T](Func`1 func, CancellationToken cancellationToken, Int32 maxAttempts, Func`2 shouldRetry)
[2026-09-21 13:34:37Z ERR  BrokerServer] #####################################################
[2026-09-21 13:34:37Z ERR  BrokerServer] System.Threading.Tasks.TaskCanceledException: The operation was canceled.
 ---> System.IO.IOException: Unable to read data from the transport connection: The I/O operation has been aborted because of either a thread exit or an application request..
 ---> System.Net.Sockets.SocketException (995): The I/O operation has been aborted because of either a thread exit or an application request.
   --- End of inner exception stack trace ---
   at System.Net.Sockets.Socket.AwaitableSocketAsyncEventArgs.System.Threading.Tasks.Sources.IValueTaskSource<System.Int32>.GetResult(Int16 token)
   at System.Net.Security.SslStream.EnsureFullTlsFrameAsync[TIOAdapter](CancellationToken cancellationToken, Int32 estimatedSize)
   at System.Runtime.CompilerServices.PoolingAsyncValueTaskMethodBuilder`1.StateMachineBox`1.System.Threading.Tasks.Sources.IValueTaskSource<TResult>.GetResult(Int16 token)
   at System.Net.Security.SslStream.ReadAsyncInternal[TIOAdapter](Memory`1 buffer, CancellationToken cancellationToken)
   at System.Runtime.CompilerServices.PoolingAsyncValueTaskMethodBuilder`1.StateMachineBox`1.System.Threading.Tasks.Sources.IValueTaskSource<TResult>.GetResult(Int16 token)
   at System.Net.Http.HttpConnection.SendAsync(HttpRequestMessage request, Boolean async, CancellationToken cancellationToken)
   --- End of inner exception stack trace ---
   at System.Net.Http.HttpConnection.SendAsync(HttpRequestMessage request, Boolean async, CancellationToken cancellationToken)
   at System.Net.Http.AuthenticationHelper.SendWithNtAuthAsync(HttpRequestMessage request, Uri authUri, Boolean async, ICredentials credentials, Boolean isProxyAuth, HttpConnection connection, HttpConnectionPool connectionPool, CancellationToken cancellationToken)
   at System.Net.Http.HttpConnectionPool.SendWithVersionDetectionAndRetryAsync(HttpRequestMessage request, Boolean async, Boolean doRequestAuth, CancellationToken cancellationToken)
   at System.Net.Http.AuthenticationHelper.SendWithAuthAsync(HttpRequestMessage request, Uri authUri, Boolean async, ICredentials credentials, Boolean preAuthenticate, Boolean isProxyAuth, Boolean doRequestAuth, HttpConnectionPool pool, CancellationToken cancellationToken)
   at System.Net.Http.RedirectHandler.SendAsync(HttpRequestMessage request, Boolean async, CancellationToken cancellationToken)
   at GitHub.Services.Common.RawHttpMessageHandler.SendAsync(HttpRequestMessage request, CancellationToken cancellationToken)
   at GitHub.Services.Common.VssHttpRetryMessageHandler.SendAsync(HttpRequestMessage request, CancellationToken cancellationToken)
   at System.Net.Http.HttpClient.<SendAsync>g__Core|83_0(HttpRequestMessage request, HttpCompletionOption completionOption, CancellationTokenSource cts, Boolean disposeCts, CancellationTokenSource pendingRequestsCts, CancellationToken originalCancellationToken)
[2026-09-21 13:34:37Z ERR  BrokerServer] #####################################################
[2026-09-21 13:34:37Z ERR  BrokerServer] System.IO.IOException: Unable to read data from the transport connection: The I/O operation has been aborted because of either a thread exit or an application request..
 ---> System.Net.Sockets.SocketException (995): The I/O operation has been aborted because of either a thread exit or an application request.
   --- End of inner exception stack trace ---
   at System.Net.Sockets.Socket.AwaitableSocketAsyncEventArgs.System.Threading.Tasks.Sources.IValueTaskSource<System.Int32>.GetResult(Int16 token)
   at System.Net.Security.SslStream.EnsureFullTlsFrameAsync[TIOAdapter](CancellationToken cancellationToken, Int32 estimatedSize)
   at System.Runtime.CompilerServices.PoolingAsyncValueTaskMethodBuilder`1.StateMachineBox`1.System.Threading.Tasks.Sources.IValueTaskSource<TResult>.GetResult(Int16 token)
   at System.Net.Security.SslStream.ReadAsyncInternal[TIOAdapter](Memory`1 buffer, CancellationToken cancellationToken)
   at System.Runtime.CompilerServices.PoolingAsyncValueTaskMethodBuilder`1.StateMachineBox`1.System.Threading.Tasks.Sources.IValueTaskSource<TResult>.GetResult(Int16 token)
   at System.Net.Http.HttpConnection.SendAsync(HttpRequestMessage request, Boolean async, CancellationToken cancellationToken)
[2026-09-21 13:34:37Z ERR  BrokerServer] #####################################################
[2026-09-21 13:34:37Z ERR  BrokerServer] System.Net.Sockets.SocketException (995): The I/O operation has been aborted because of either a thread exit or an application request.
[2026-09-21 13:34:37Z WARN BrokerServer] Back off 12.896 seconds before next retry. 4 attempt left.
[2026-09-21 13:34:37Z INFO BrokerMessageListener] Get messages has been cancelled using local token source. Continue to get messages with new status.
[2026-09-21 13:38:18Z WARN GitHubActionsService] Attempt 1 of GET request to https://broker.actions.githubusercontent.com/message?sessionId=6efab07f-2b66-4ecb-952d-ad6132dcf54f&status=Online&runnerVersion=2.337.0&os=Windows&architecture=X64&disableUpdate=false failed (Socket Error: ConnectionReset). The operation will be retried in 10.856 seconds.
[2026-09-21 15:55:15Z WARN GitHubActionsService] Attempt 2 of GET request to https://broker.actions.githubusercontent.com/message?sessionId=6efab07f-2b66-4ecb-952d-ad6132dcf54f&status=Online&runnerVersion=2.337.0&os=Windows&architecture=X64&disableUpdate=false failed (Socket Error: HostNotFound). The operation will be retried in 13.441 seconds.
[2026-09-21 15:55:32Z INFO RSAEncryptedFileKeyManager] Loading RSA key parameters from file C:\Users\SHAIKH SALAHUDDIN\OneDrive - Noventiq Global AI Solutions Private Limited\Desktop\app service\gha\.credentials_rsaparams
[2026-09-21 15:55:34Z INFO GitHubActionsService] AAD Correlation ID for this token request: Unknown
[2026-09-21 15:55:34Z WARN GitHubActionsService] Retrieving an AAD auth token took a long time (2.41333 seconds)
[2026-09-21 16:45:58Z INFO RSAEncryptedFileKeyManager] Loading RSA key parameters from file C:\Users\SHAIKH SALAHUDDIN\OneDrive - Noventiq Global AI Solutions Private Limited\Desktop\app service\gha\.credentials_rsaparams
[2026-09-21 16:45:59Z INFO GitHubActionsService] AAD Correlation ID for this token request: Unknown
[2026-09-21 17:36:19Z INFO RSAEncryptedFileKeyManager] Loading RSA key parameters from file C:\Users\SHAIKH SALAHUDDIN\OneDrive - Noventiq Global AI Solutions Private Limited\Desktop\app service\gha\.credentials_rsaparams
[2026-09-21 17:36:21Z INFO GitHubActionsService] AAD Correlation ID for this token request: Unknown
[2026-09-21 18:04:47Z WARN GitHubActionsService] Attempt 1 of GET request to https://broker.actions.githubusercontent.com/message?sessionId=6efab07f-2b66-4ecb-952d-ad6132dcf54f&status=Online&runnerVersion=2.337.0&os=Windows&architecture=X64&disableUpdate=false failed (Socket Error: ConnectionReset). The operation will be retried in 11.106 seconds.
[2026-09-22 05:02:12Z WARN GitHubActionsService] Attempt 2 of GET request to https://broker.actions.githubusercontent.com/message?sessionId=6efab07f-2b66-4ecb-952d-ad6132dcf54f&status=Online&runnerVersion=2.337.0&os=Windows&architecture=X64&disableUpdate=false failed (Socket Error: HostNotFound). The operation will be retried in 12.622 seconds.
[2026-09-22 05:02:26Z INFO RSAEncryptedFileKeyManager] Loading RSA key parameters from file C:\Users\SHAIKH SALAHUDDIN\OneDrive - Noventiq Global AI Solutions Private Limited\Desktop\app service\gha\.credentials_rsaparams
[2026-09-22 05:02:27Z INFO GitHubActionsService] AAD Correlation ID for this token request: Unknown
