[2026-09-21 13:34:25Z INFO HostContext] No proxy settings were found based on environmental variables (http_proxy/https_proxy/HTTP_PROXY/HTTPS_PROXY)
[2026-09-21 13:34:25Z INFO HostContext] Well known directory 'Bin': 'C:\Users\SHAIKH SALAHUDDIN\OneDrive - Noventiq Global AI Solutions Private Limited\Desktop\app service\gha\bin'
[2026-09-21 13:34:25Z INFO HostContext] Well known directory 'Root': 'C:\Users\SHAIKH SALAHUDDIN\OneDrive - Noventiq Global AI Solutions Private Limited\Desktop\app service\gha'
[2026-09-21 13:34:25Z INFO HostContext] Well known config file 'Credentials': 'C:\Users\SHAIKH SALAHUDDIN\OneDrive - Noventiq Global AI Solutions Private Limited\Desktop\app service\gha\.credentials'
[2026-09-21 13:34:25Z INFO HostContext] Well known directory 'Bin': 'C:\Users\SHAIKH SALAHUDDIN\OneDrive - Noventiq Global AI Solutions Private Limited\Desktop\app service\gha\bin'
[2026-09-21 13:34:25Z INFO HostContext] Well known directory 'Root': 'C:\Users\SHAIKH SALAHUDDIN\OneDrive - Noventiq Global AI Solutions Private Limited\Desktop\app service\gha'
[2026-09-21 13:34:25Z INFO HostContext] Well known config file 'Runner': 'C:\Users\SHAIKH SALAHUDDIN\OneDrive - Noventiq Global AI Solutions Private Limited\Desktop\app service\gha\.runner'
[2026-09-21 13:34:25Z INFO Worker] Version: 2.337.0
[2026-09-21 13:34:25Z INFO Worker] Commit: 397b032cbf865e9c3ddfab89d533ec19325e1273
[2026-09-21 13:34:25Z INFO Worker] Culture: en-US
[2026-09-21 13:34:25Z INFO Worker] UI Culture: en-US
[2026-09-21 13:34:25Z INFO Worker] Waiting to receive the job message from the channel.
[2026-09-21 13:34:25Z INFO ProcessChannel] Receiving message of length 21893, with hash '40791aba149ec1313997ce345ef48edac39ec447d89dbc7583bc07c39b34bbb8'
[2026-09-21 13:34:25Z INFO Worker] Message received.
[2026-09-21 13:34:25Z INFO Worker] Job message:
 {
  "fileTable": [
    ".github/workflows/deploy-nginx.yml"
  ],
  "mask": [
    {
      "type": "regex",
      "value": "***"
    },
    {
      "type": "regex",
      "value": "***"
    },
    {
      "type": "regex",
      "value": "***"
    },
    {
      "type": "regex",
      "value": "***"
    },
    {
      "type": "regex",
      "value": "***"
    },
    {
      "type": "regex",
      "value": "***"
    },
    {
      "type": "regex",
      "value": "***"
    },
    {
      "type": "regex",
      "value": "***"
    },
    {
      "type": "regex",
      "value": "***"
    },
    {
      "type": "regex",
      "value": "***"
    },
    {
      "type": "regex",
      "value": "***"
    },
    {
      "type": "regex",
      "value": "***"
    },
    {
      "type": "regex",
      "value": "***"
    },
    {
      "type": "regex",
      "value": "***"
    },
    {
      "type": "regex",
      "value": "***"
    },
    {
      "type": "regex",
      "value": "***"
    },
    {
      "type": "regex",
      "value": "***"
    },
    {
      "type": "regex",
      "value": "***"
    },
    {
      "type": "regex",
      "value": "***"
    },
    {
      "type": "regex",
      "value": "***"
    },
    {
      "type": "regex",
      "value": "***"
    },
    {
      "type": "regex",
      "value": "***"
    },
    {
      "type": "regex",
      "value": "***"
    },
    {
      "type": "regex",
      "value": "***"
    }
  ],
  "steps": [
    {
      "type": "action",
      "reference": {
        "type": "script"
      },
      "displayNameToken": {
        "type": 0,
        "file": 1,
        "line": 11,
        "col": 15,
        "lit": "Check Kubernetes connection"
      },
      "contextName": "__run",
      "inputs": {
        "type": 2,
        "map": [
          {
            "key": "script",
            "value": {
              "type": 0,
              "file": 1,
              "line": 12,
              "col": 14,
              "lit": "kubectl get nodes"
            }
          }
        ]
      },
      "condition": "success()",
      "id": "beb7ec9c-a653-492a-a7c7-b8456b41cc11",
      "name": "__run"
    },
    {
      "type": "action",
      "reference": {
        "type": "script"
      },
      "displayNameToken": {
        "type": 0,
        "file": 1,
        "line": 14,
        "col": 15,
        "lit": "Add NGINX Helm repository"
      },
      "contextName": "__run_2",
      "inputs": {
        "type": 2,
        "map": [
          {
            "key": "script",
            "value": {
              "type": 0,
              "file": 1,
              "line": 15,
              "col": 14,
              "lit": "helm repo add ingress-nginx https://kubernetes.github.io/ingress-nginx"
            }
          }
        ]
      },
      "condition": "success()",
      "id": "9fbb3eed-6b2a-42f4-b91f-65852ed4ad66",
      "name": "__run_2"
    },
    {
      "type": "action",
      "reference": {
        "type": "script"
      },
      "displayNameToken": {
        "type": 0,
        "file": 1,
        "line": 17,
        "col": 15,
        "lit": "Update Helm repositories"
      },
      "contextName": "__run_3",
      "inputs": {
        "type": 2,
        "map": [
          {
            "key": "script",
            "value": {
              "type": 0,
              "file": 1,
              "line": 18,
              "col": 14,
              "lit": "helm repo update"
            }
          }
        ]
      },
      "condition": "success()",
      "id": "6cf4e9f0-643f-4a37-a9e6-82531235636a",
      "name": "__run_3"
    },
    {
      "type": "action",
      "reference": {
        "type": "script"
      },
      "displayNameToken": {
        "type": 0,
        "file": 1,
        "line": 20,
        "col": 15,
        "lit": "Deploy NGINX"
      },
      "contextName": "__run_4",
      "inputs": {
        "type": 2,
        "map": [
          {
            "key": "script",
            "value": {
              "type": 0,
              "file": 1,
              "line": 21,
              "col": 14,
              "lit": "helm upgrade --install nginx ingress-nginx/ingress-nginx --namespace nginx --create-namespace"
            }
          }
        ]
      },
      "condition": "success()",
      "id": "8fd2d679-392c-44fa-95f4-00c17f059681",
      "name": "__run_4"
    },
    {
      "type": "action",
      "reference": {
        "type": "script"
      },
      "displayNameToken": {
        "type": 0,
        "file": 1,
        "line": 23,
        "col": 15,
        "lit": "Check NGINX pods"
      },
      "contextName": "__run_5",
      "inputs": {
        "type": 2,
        "map": [
          {
            "key": "script",
            "value": {
              "type": 0,
              "file": 1,
              "line": 24,
              "col": 14,
              "lit": "kubectl get pods -n nginx"
            }
          }
        ]
      },
      "condition": "success()",
      "id": "91addcc9-9931-4897-aac0-c0aab3ae00a8",
      "name": "__run_5"
    },
    {
      "type": "action",
      "reference": {
        "type": "script"
      },
      "displayNameToken": {
        "type": 0,
        "file": 1,
        "line": 26,
        "col": 15,
        "lit": "Check NGINX service"
      },
      "contextName": "__run_6",
      "inputs": {
        "type": 2,
        "map": [
          {
            "key": "script",
            "value": {
              "type": 0,
              "file": 1,
              "line": 27,
              "col": 14,
              "lit": "kubectl get svc -n nginx"
            }
          }
        ]
      },
      "condition": "success()",
      "id": "87a369d5-1331-4e81-8ccf-2d1115075a01",
      "name": "__run_6"
    }
  ],
  "variables": {
    "Actions.EnableHttpRedirects": {
      "value": "true"
    },
    "DistributedTask.AddWarningToNode12Action": {
      "value": "true"
    },
    "DistributedTask.AddWarningToNode16Action": {
      "value": "true"
    },
    "DistributedTask.AllowRunnerContainerHooks": {
      "value": "true"
    },
    "DistributedTask.DeprecateStepOutputCommands": {
      "value": "true"
    },
    "DistributedTask.DetailUntarFailure": {
      "value": "true"
    },
    "DistributedTask.EnableCompositeActions": {
      "value": "true"
    },
    "DistributedTask.EnableJobServerQueueTelemetry": {
      "value": "true"
    },
    "DistributedTask.EnhancedAnnotations": {
      "value": "true"
    },
    "DistributedTask.ForceGithubJavascriptActionsToNode16": {
      "value": "true"
    },
    "DistributedTask.ForceGithubJavascriptActionsToNode20": {
      "value": "true"
    },
    "DistributedTask.LogTemplateErrorsAsDebugMessages": {
      "value": "true"
    },
    "DistributedTask.MarkJobAsFailedOnWorkerCrash": {
      "value": "true"
    },
    "DistributedTask.NewActionMetadata": {
      "value": "true"
    },
    "DistributedTask.UploadStepSummary": {
      "value": "true"
    },
    "DistributedTask.UseActionArchiveCache": {
      "value": "true"
    },
    "DistributedTask.UseWhich2": {
      "value": "true"
    },
    "RunService.FixEmbeddedIssues": {
      "value": "true"
    },
    "actions.runner.requirenode24": {
      "value": "false"
    },
    "actions.runner.usenode24bydefault": {
      "value": "true"
    },
    "actions.runner.warnonnode20": {
      "value": "true"
    },
    "actions_add_check_run_id_to_job_context": {
      "value": "true"
    },
    "actions_batch_action_resolution": {
      "value": "false"
    },
    "actions_cache_mode": {
      "value": "write"
    },
    "actions_container_action_runner_temp": {
      "value": "true"
    },
    "actions_display_helpful_actions_download_errors": {
      "value": "true"
    },
    "actions_runner_allow_artifacts_file": {
      "value": "false"
    },
    "actions_runner_compare_workflow_parser": {
      "value": "false"
    },
    "actions_runner_deprecate_linux_arm32": {
      "value": "true"
    },
    "actions_runner_emit_composite_markers": {
      "value": "true"
    },
    "actions_runner_kill_linux_arm32": {
      "value": "false"
    },
    "actions_runner_node20_removal_date": {
      "value": "September 23rd, 2026"
    },
    "actions_runner_node24_default_date": {
      "value": "June 16th, 2026"
    },
    "actions_self_repository": {
      "value": "true"
    },
    "actions_service_container_command": {
      "value": "true"
    },
    "actions_set_orchestration_id_env_for_actions": {
      "value": "true"
    },
    "actions_skip_retry_complete_job_upon_known_errors": {
      "value": "true"
    },
    "actions_snapshot_preflight_hosted_runner_check": {
      "value": "false"
    },
    "actions_snapshot_preflight_image_gen_pool_check": {
      "value": "false"
    },
    "actions_use_bearer_token_for_codeload": {
      "value": "false"
    },
    "actions_uses_cache_service_v2": {
      "value": "true"
    },
    "github_token": {
      "value": "***",
      "isSecret": true
    },
    "system.from_run_service": {
      "value": "true"
    },
    "system.github.job": {
      "value": "deploy-nginx"
    },
    "system.github.launch_endpoint": {
      "value": "https://launch.actions.githubusercontent.com"
    },
    "system.github.results_endpoint": {
      "value": "https://results-receiver.actions.githubusercontent.com/"
    },
    "system.github.results_upload_with_sdk": {
      "value": "true"
    },
    "system.github.token": {
      "value": "***",
      "isSecret": true
    },
    "system.github.token.permissions": {
      "value": "{\"Contents\":\"read\",\"Metadata\":\"read\",\"Packages\":\"read\"}"
    },
    "system.orchestrationId": {
      "value": "039bac7c-49f1-4ffa-b607-35bd5e6d47b2.deploy-nginx.__default"
    },
    "system.phaseDisplayName": {
      "value": "deploy-nginx"
    },
    "system.runner.lowdiskspacethreshold": {
      "value": "100"
    },
    "system.runnerEnvironment": {
      "value": "self-hosted"
    },
    "system.runnerGroupName": {
      "value": "Default"
    }
  },
  "messageType": "RunnerJobRequest",
  "plan": {
    "scopeIdentifier": "00000000-0000-0000-0000-000000000000",
    "planType": "actions",
    "version": 0,
    "planId": "039bac7c-49f1-4ffa-b607-35bd5e6d47b2",
    "planGroup": null,
    "artifactUri": null,
    "artifactLocation": null,
    "definition": null,
    "owner": null
  },
  "timeline": {
    "id": "039bac7c-49f1-4ffa-b607-35bd5e6d47b2",
    "changeId": 0,
    "location": null
  },
  "jobId": "23a8b5ca-cf09-5eb6-8c47-1098aa2b000b",
  "jobDisplayName": "deploy-nginx",
  "jobName": "__default",
  "requestId": 0,
  "lockedUntil": "0001-01-01T00:00:00",
  "resources": {
    "endpoints": [
      {
        "data": {
          "ServerId": "",
          "ServerName": "",
          "CacheServerUrl": "https://artifactcache.actions.githubusercontent.com/XkcGlEpYmzgbhPIBVOyWcxiKGVBgEltYy7QRSO1xf0JCcMcahN/",
          "FeedStreamUrl": "wss://results-receiver.actions.githubusercontent.com/_ws/ingest.sock",
          "ResultsServiceUrl": "https://results-receiver.actions.githubusercontent.com/",
          "PipelinesServiceUrl": "https://pipelinesghubeus22.actions.githubusercontent.com/XkcGlEpYmzgbhPIBVOyWcxiKGVBgEltYy7QRSO1xf0JCcMcahN/",
          "GenerateIdTokenUrl": "",
          "ConnectivityChecks": "[\"https://broker.actions.githubusercontent.com/health\",\"https://token.actions.githubusercontent.com/ready\",\"https://run.actions.githubusercontent.com/health\"]",
          "ConnectivityAndDNSChecks": ""
        },
        "name": "SystemVssConnection",
        "url": "https://run-actions-3-azure-eastus.actions.githubusercontent.com/201/",
        "authorization": {
          "parameters": {
            "AccessToken": "***"
          },
          "scheme": "OAuth"
        },
        "isShared": false,
        "isReady": true
      }
    ]
  },
  "contextData": {
    "github": {
      "t": 2,
      "d": [
        {
          "k": "ref",
          "v": "refs/heads/main"
        },
        {
          "k": "sha",
          "v": "a97368824151c3e820d6a75cdd71f6c3af3b9b64"
        },
        {
          "k": "repository",
          "v": "benitdecry/helm-actions-"
        },
        {
          "k": "repository_owner",
          "v": "benitdecry"
        },
        {
          "k": "repository_owner_id",
          "v": "23312652"
        },
        {
          "k": "repositoryUrl",
          "v": "git://github.com/benitdecry/helm-actions-.git"
        },
        {
          "k": "run_id",
          "v": "35606462402"
        },
        {
          "k": "run_number",
          "v": "1"
        },
        {
          "k": "retention_days",
          "v": "90"
        },
        {
          "k": "run_attempt",
          "v": "1"
        },
        {
          "k": "artifact_cache_size_limit",
          "v": "10"
        },
        {
          "k": "repository_visibility",
          "v": "public"
        },
        {
          "k": "actor_id",
          "v": "23312652"
        },
        {
          "k": "actor",
          "v": "benitdecry"
        },
        {
          "k": "workflow",
          "v": "Deploy NGINX"
        },
        {
          "k": "head_ref",
          "v": ""
        },
        {
          "k": "base_ref",
          "v": ""
        },
        {
          "k": "event_name",
          "v": "workflow_dispatch"
        },
        {
          "k": "server_url",
          "v": "https://github.com"
        },
        {
          "k": "api_url",
          "v": "https://api.github.com"
        },
        {
          "k": "graphql_url",
          "v": "https://api.github.com/graphql"
        },
        {
          "k": "ref_name",
          "v": "main"
        },
        {
          "k": "ref_protected",
          "v": false
        },
        {
          "k": "ref_type",
          "v": "branch"
        },
        {
          "k": "secret_source",
          "v": "Actions"
        },
        {
          "k": "event",
          "v": {
            "t": 2,
            "d": [
              {
                "k": "ref",
                "v": "refs/heads/main"
              },
              {
                "k": "workflow",
                "v": ".github/workflows/deploy-nginx.yml"
              },
              {
                "k": "inputs",
                "v": null
              },
              {
                "k": "repository",
                "v": {
                  "t": 2,
                  "d": [
                    {
                      "k": "id",
                      "v": 1379156615.0
                    },
                    {
                      "k": "node_id",
                      "v": "R_kgDOUjRChw"
                    },
                    {
                      "k": "name",
                      "v": "helm-actions-"
                    },
                    {
                      "k": "full_name",
                      "v": "benitdecry/helm-actions-"
                    },
                    {
                      "k": "private",
                      "v": false
                    },
                    {
                      "k": "owner",
                      "v": {
                        "t": 2,
                        "d": [
                          {
                            "k": "login",
                            "v": "benitdecry"
                          },
                          {
                            "k": "id",
                            "v": 23312652.0
                          },
                          {
                            "k": "node_id",
                            "v": "MDQ6VXNlcjIzMzEyNjUy"
                          },
                          {
                            "k": "avatar_url",
                            "v": "https://avatars.githubusercontent.com/u/23312652?v=4"
                          },
                          {
                            "k": "gravatar_id",
                            "v": ""
                          },
                          {
                            "k": "url",
                            "v": "https://api.github.com/users/benitdecry"
                          },
                          {
                            "k": "html_url",
                            "v": "https://github.com/benitdecry"
                          },
                          {
                            "k": "followers_url",
                            "v": "https://api.github.com/users/benitdecry/followers"
                          },
                          {
                            "k": "following_url",
                            "v": "https://api.github.com/users/benitdecry/following{/other_user}"
                          },
                          {
                            "k": "gists_url",
                            "v": "https://api.github.com/users/benitdecry/gists{/gist_id}"
                          },
                          {
                            "k": "starred_url",
                            "v": "https://api.github.com/users/benitdecry/starred{/owner}{/repo}"
                          },
                          {
                            "k": "subscriptions_url",
                            "v": "https://api.github.com/users/benitdecry/subscriptions"
                          },
                          {
                            "k": "organizations_url",
                            "v": "https://api.github.com/users/benitdecry/orgs"
                          },
                          {
                            "k": "repos_url",
                            "v": "https://api.github.com/users/benitdecry/repos"
                          },
                          {
                            "k": "events_url",
                            "v": "https://api.github.com/users/benitdecry/events{/privacy}"
                          },
                          {
                            "k": "received_events_url",
                            "v": "https://api.github.com/users/benitdecry/received_events"
                          },
                          {
                            "k": "type",
                            "v": "User"
                          },
                          {
                            "k": "user_view_type",
                            "v": "public"
                          },
                          {
                            "k": "site_admin",
                            "v": false
                          }
                        ]
                      }
                    },
                    {
                      "k": "html_url",
                      "v": "https://github.com/benitdecry/helm-actions-"
                    },
                    {
                      "k": "description",
                      "v": "installing nginx through helm - cicd"
                    },
                    {
                      "k": "fork",
                      "v": false
                    },
                    {
                      "k": "url",
                      "v": "https://api.github.com/repos/benitdecry/helm-actions-"
                    },
                    {
                      "k": "forks_url",
                      "v": "https://api.github.com/repos/benitdecry/helm-actions-/forks"
                    },
                    {
                      "k": "keys_url",
                      "v": "https://api.github.com/repos/benitdecry/helm-actions-/keys{/key_id}"
                    },
                    {
                      "k": "collaborators_url",
                      "v": "https://api.github.com/repos/benitdecry/helm-actions-/collaborators{/collaborator}"
                    },
                    {
                      "k": "teams_url",
                      "v": "https://api.github.com/repos/benitdecry/helm-actions-/teams"
                    },
                    {
                      "k": "hooks_url",
                      "v": "https://api.github.com/repos/benitdecry/helm-actions-/hooks"
                    },
                    {
                      "k": "issue_events_url",
                      "v": "https://api.github.com/repos/benitdecry/helm-actions-/issues/events{/number}"
                    },
                    {
                      "k": "events_url",
                      "v": "https://api.github.com/repos/benitdecry/helm-actions-/events"
                    },
                    {
                      "k": "assignees_url",
                      "v": "https://api.github.com/repos/benitdecry/helm-actions-/assignees{/user}"
                    },
                    {
                      "k": "branches_url",
                      "v": "https://api.github.com/repos/benitdecry/helm-actions-/branches{/branch}"
                    },
                    {
                      "k": "tags_url",
                      "v": "https://api.github.com/repos/benitdecry/helm-actions-/tags"
                    },
                    {
                      "k": "blobs_url",
                      "v": "https://api.github.com/repos/benitdecry/helm-actions-/git/blobs{/sha}"
                    },
                    {
                      "k": "git_tags_url",
                      "v": "https://api.github.com/repos/benitdecry/helm-actions-/git/tags{/sha}"
                    },
                    {
                      "k": "git_refs_url",
                      "v": "https://api.github.com/repos/benitdecry/helm-actions-/git/refs{/sha}"
                    },
                    {
                      "k": "trees_url",
                      "v": "https://api.github.com/repos/benitdecry/helm-actions-/git/trees{/sha}"
                    },
                    {
                      "k": "statuses_url",
                      "v": "https://api.github.com/repos/benitdecry/helm-actions-/statuses/{sha}"
                    },
                    {
                      "k": "languages_url",
                      "v": "https://api.github.com/repos/benitdecry/helm-actions-/languages"
                    },
                    {
                      "k": "stargazers_url",
                      "v": "https://api.github.com/repos/benitdecry/helm-actions-/stargazers"
                    },
                    {
                      "k": "contributors_url",
                      "v": "https://api.github.com/repos/benitdecry/helm-actions-/contributors"
                    },
                    {
                      "k": "subscribers_url",
                      "v": "https://api.github.com/repos/benitdecry/helm-actions-/subscribers"
                    },
                    {
                      "k": "subscription_url",
                      "v": "https://api.github.com/repos/benitdecry/helm-actions-/subscription"
                    },
                    {
                      "k": "commits_url",
                      "v": "https://api.github.com/repos/benitdecry/helm-actions-/commits{/sha}"
                    },
                    {
                      "k": "git_commits_url",
                      "v": "https://api.github.com/repos/benitdecry/helm-actions-/git/commits{/sha}"
                    },
                    {
                      "k": "comments_url",
                      "v": "https://api.github.com/repos/benitdecry/helm-actions-/comments{/number}"
                    },
                    {
                      "k": "issue_comment_url",
                      "v": "https://api.github.com/repos/benitdecry/helm-actions-/issues/comments{/number}"
                    },
                    {
                      "k": "contents_url",
                      "v": "https://api.github.com/repos/benitdecry/helm-actions-/contents/{+path}"
                    },
                    {
                      "k": "compare_url",
                      "v": "https://api.github.com/repos/benitdecry/helm-actions-/compare/{base}...{head}"
                    },
                    {
                      "k": "merges_url",
                      "v": "https://api.github.com/repos/benitdecry/helm-actions-/merges"
                    },
                    {
                      "k": "archive_url",
                      "v": "https://api.github.com/repos/benitdecry/helm-actions-/{archive_format}{/ref}"
                    },
                    {
                      "k": "downloads_url",
                      "v": "https://api.github.com/repos/benitdecry/helm-actions-/downloads"
                    },
                    {
                      "k": "issues_url",
                      "v": "https://api.github.com/repos/benitdecry/helm-actions-/issues{/number}"
                    },
                    {
                      "k": "pulls_url",
                      "v": "https://api.github.com/repos/benitdecry/helm-actions-/pulls{/number}"
                    },
                    {
                      "k": "milestones_url",
                      "v": "https://api.github.com/repos/benitdecry/helm-actions-/milestones{/number}"
                    },
                    {
                      "k": "notifications_url",
                      "v": "https://api.github.com/repos/benitdecry/helm-actions-/notifications{?since,all,participating}"
                    },
                    {
                      "k": "labels_url",
                      "v": "https://api.github.com/repos/benitdecry/helm-actions-/labels{/name}"
                    },
                    {
                      "k": "releases_url",
                      "v": "https://api.github.com/repos/benitdecry/helm-actions-/releases{/id}"
                    },
                    {
                      "k": "deployments_url",
                      "v": "https://api.github.com/repos/benitdecry/helm-actions-/deployments"
                    },
                    {
                      "k": "created_at",
                      "v": "2026-09-21T05:46:32Z"
                    },
                    {
                      "k": "updated_at",
                      "v": "2026-09-21T11:30:05Z"
                    },
                    {
                      "k": "pushed_at",
                      "v": "2026-09-21T11:30:01Z"
                    },
                    {
                      "k": "git_url",
                      "v": "git://github.com/benitdecry/helm-actions-.git"
                    },
                    {
                      "k": "ssh_url",
                      "v": "git@github.com:benitdecry/helm-actions-.git"
                    },
                    {
                      "k": "clone_url",
                      "v": "https://github.com/benitdecry/helm-actions-.git"
                    },
                    {
                      "k": "svn_url",
                      "v": "https://github.com/benitdecry/helm-actions-"
                    },
                    {
                      "k": "homepage",
                      "v": null
                    },
                    {
                      "k": "size",
                      "v": 6.0
                    },
                    {
                      "k": "stargazers_count",
                      "v": 0.0
                    },
                    {
                      "k": "watchers_count",
                      "v": 0.0
                    },
                    {
                      "k": "language",
                      "v": null
                    },
                    {
                      "k": "has_issues",
                      "v": true
                    },
                    {
                      "k": "has_projects",
                      "v": true
                    },
                    {
                      "k": "has_downloads",
                      "v": false
                    },
                    {
                      "k": "has_wiki",
                      "v": true
                    },
                    {
                      "k": "has_pages",
                      "v": false
                    },
                    {
                      "k": "has_discussions",
                      "v": false
                    },
                    {
                      "k": "forks_count",
                      "v": 0.0
                    },
                    {
                      "k": "mirror_url",
                      "v": null
                    },
                    {
                      "k": "archived",
                      "v": false
                    },
                    {
                      "k": "disabled",
                      "v": false
                    },
                    {
                      "k": "open_issues_count",
                      "v": 0.0
                    },
                    {
                      "k": "license",
                      "v": null
                    },
                    {
                      "k": "allow_forking",
                      "v": true
                    },
                    {
                      "k": "is_template",
                      "v": false
                    },
                    {
                      "k": "web_commit_signoff_required",
                      "v": false
                    },
                    {
                      "k": "has_pull_requests",
                      "v": true
                    },
                    {
                      "k": "pull_request_creation_policy",
                      "v": "all"
                    },
                    {
                      "k": "topics",
                      "v": {
                        "t": 1
                      }
                    },
                    {
                      "k": "visibility",
                      "v": "public"
                    },
                    {
                      "k": "forks",
                      "v": 0.0
                    },
                    {
                      "k": "open_issues",
                      "v": 0.0
                    },
                    {
                      "k": "watchers",
                      "v": 0.0
                    },
                    {
                      "k": "default_branch",
                      "v": "main"
                    }
                  ]
                }
              },
              {
                "k": "sender",
                "v": {
                  "t": 2,
                  "d": [
                    {
                      "k": "login",
                      "v": "benitdecry"
                    },
                    {
                      "k": "id",
                      "v": 23312652.0
                    },
                    {
                      "k": "node_id",
                      "v": "MDQ6VXNlcjIzMzEyNjUy"
                    },
                    {
                      "k": "avatar_url",
                      "v": "https://avatars.githubusercontent.com/u/23312652?v=4"
                    },
                    {
                      "k": "gravatar_id",
                      "v": ""
                    },
                    {
                      "k": "url",
                      "v": "https://api.github.com/users/benitdecry"
                    },
                    {
                      "k": "html_url",
                      "v": "https://github.com/benitdecry"
                    },
                    {
                      "k": "followers_url",
                      "v": "https://api.github.com/users/benitdecry/followers"
                    },
                    {
                      "k": "following_url",
                      "v": "https://api.github.com/users/benitdecry/following{/other_user}"
                    },
                    {
                      "k": "gists_url",
                      "v": "https://api.github.com/users/benitdecry/gists{/gist_id}"
                    },
                    {
                      "k": "starred_url",
                      "v": "https://api.github.com/users/benitdecry/starred{/owner}{/repo}"
                    },
                    {
                      "k": "subscriptions_url",
                      "v": "https://api.github.com/users/benitdecry/subscriptions"
                    },
                    {
                      "k": "organizations_url",
                      "v": "https://api.github.com/users/benitdecry/orgs"
                    },
                    {
                      "k": "repos_url",
                      "v": "https://api.github.com/users/benitdecry/repos"
                    },
                    {
                      "k": "events_url",
                      "v": "https://api.github.com/users/benitdecry/events{/privacy}"
                    },
                    {
                      "k": "received_events_url",
                      "v": "https://api.github.com/users/benitdecry/received_events"
                    },
                    {
                      "k": "type",
                      "v": "User"
                    },
                    {
                      "k": "user_view_type",
                      "v": "public"
                    },
                    {
                      "k": "site_admin",
                      "v": false
                    }
                  ]
                }
              }
            ]
          }
        },
        {
          "k": "workflow_ref",
          "v": "benitdecry/helm-actions-/.github/workflows/deploy-nginx.yml@refs/heads/main"
        },
        {
          "k": "workflow_sha",
          "v": "a97368824151c3e820d6a75cdd71f6c3af3b9b64"
        },
        {
          "k": "repository_id",
          "v": "1379156615"
        },
        {
          "k": "triggering_actor",
          "v": "benitdecry"
        }
      ]
    },
    "inputs": {
      "t": 2
    },
    "job": {
      "t": 2,
      "d": [
        {
          "k": "check_run_id",
          "v": 106354648971.0
        },
        {
          "k": "workflow_ref",
          "v": "benitdecry/helm-actions-/.github/workflows/deploy-nginx.yml@refs/heads/main"
        },
        {
          "k": "workflow_sha",
          "v": "a97368824151c3e820d6a75cdd71f6c3af3b9b64"
        },
        {
          "k": "workflow_repository",
          "v": "benitdecry/helm-actions-"
        },
        {
          "k": "workflow_file_path",
          "v": ".github/workflows/deploy-nginx.yml"
        }
      ]
    },
    "matrix": null,
    "needs": {
      "t": 2
    },
    "strategy": {
      "t": 2,
      "d": [
        {
          "k": "fail-fast",
          "v": true
        },
        {
          "k": "job-index",
          "v": 0.0
        },
        {
          "k": "job-total",
          "v": 1.0
        },
        {
          "k": "max-parallel",
          "v": 1.0
        }
      ]
    },
    "vars": {
      "t": 2
    }
  },
  "billingOwnerId": "U_kgDOAWO5DA"
}
[2026-09-21 13:34:25Z INFO JobRunner] Job ID 23a8b5ca-cf09-5eb6-8c47-1098aa2b000b
[2026-09-21 13:34:25Z INFO ConfigurationStore] currentAssemblyLocation: C:\Users\SHAIKH SALAHUDDIN\OneDrive - Noventiq Global AI Solutions Private Limited\Desktop\app service\gha\bin\Runner.Worker.dll
[2026-09-21 13:34:25Z INFO HostContext] Well known directory 'Bin': 'C:\Users\SHAIKH SALAHUDDIN\OneDrive - Noventiq Global AI Solutions Private Limited\Desktop\app service\gha\bin'
[2026-09-21 13:34:25Z INFO ConfigurationStore] binPath: C:\Users\SHAIKH SALAHUDDIN\OneDrive - Noventiq Global AI Solutions Private Limited\Desktop\app service\gha\bin
[2026-09-21 13:34:25Z INFO HostContext] Well known directory 'Bin': 'C:\Users\SHAIKH SALAHUDDIN\OneDrive - Noventiq Global AI Solutions Private Limited\Desktop\app service\gha\bin'
[2026-09-21 13:34:25Z INFO HostContext] Well known directory 'Root': 'C:\Users\SHAIKH SALAHUDDIN\OneDrive - Noventiq Global AI Solutions Private Limited\Desktop\app service\gha'
[2026-09-21 13:34:25Z INFO ConfigurationStore] RootFolder: C:\Users\SHAIKH SALAHUDDIN\OneDrive - Noventiq Global AI Solutions Private Limited\Desktop\app service\gha
[2026-09-21 13:34:25Z INFO HostContext] Well known directory 'Bin': 'C:\Users\SHAIKH SALAHUDDIN\OneDrive - Noventiq Global AI Solutions Private Limited\Desktop\app service\gha\bin'
[2026-09-21 13:34:25Z INFO HostContext] Well known directory 'Root': 'C:\Users\SHAIKH SALAHUDDIN\OneDrive - Noventiq Global AI Solutions Private Limited\Desktop\app service\gha'
[2026-09-21 13:34:25Z INFO HostContext] Well known config file 'Runner': 'C:\Users\SHAIKH SALAHUDDIN\OneDrive - Noventiq Global AI Solutions Private Limited\Desktop\app service\gha\.runner'
[2026-09-21 13:34:25Z INFO ConfigurationStore] ConfigFilePath: C:\Users\SHAIKH SALAHUDDIN\OneDrive - Noventiq Global AI Solutions Private Limited\Desktop\app service\gha\.runner
[2026-09-21 13:34:25Z INFO HostContext] Well known directory 'Bin': 'C:\Users\SHAIKH SALAHUDDIN\OneDrive - Noventiq Global AI Solutions Private Limited\Desktop\app service\gha\bin'
[2026-09-21 13:34:25Z INFO HostContext] Well known directory 'Root': 'C:\Users\SHAIKH SALAHUDDIN\OneDrive - Noventiq Global AI Solutions Private Limited\Desktop\app service\gha'
[2026-09-21 13:34:25Z INFO HostContext] Well known config file 'MigratedRunner': 'C:\Users\SHAIKH SALAHUDDIN\OneDrive - Noventiq Global AI Solutions Private Limited\Desktop\app service\gha\.runner_migrated'
[2026-09-21 13:34:25Z INFO ConfigurationStore] MigratedConfigFilePath: C:\Users\SHAIKH SALAHUDDIN\OneDrive - Noventiq Global AI Solutions Private Limited\Desktop\app service\gha\.runner_migrated
[2026-09-21 13:34:25Z INFO HostContext] Well known directory 'Bin': 'C:\Users\SHAIKH SALAHUDDIN\OneDrive - Noventiq Global AI Solutions Private Limited\Desktop\app service\gha\bin'
[2026-09-21 13:34:25Z INFO HostContext] Well known directory 'Root': 'C:\Users\SHAIKH SALAHUDDIN\OneDrive - Noventiq Global AI Solutions Private Limited\Desktop\app service\gha'
[2026-09-21 13:34:25Z INFO HostContext] Well known config file 'Credentials': 'C:\Users\SHAIKH SALAHUDDIN\OneDrive - Noventiq Global AI Solutions Private Limited\Desktop\app service\gha\.credentials'
[2026-09-21 13:34:25Z INFO ConfigurationStore] CredFilePath: C:\Users\SHAIKH SALAHUDDIN\OneDrive - Noventiq Global AI Solutions Private Limited\Desktop\app service\gha\.credentials
[2026-09-21 13:34:25Z INFO HostContext] Well known directory 'Bin': 'C:\Users\SHAIKH SALAHUDDIN\OneDrive - Noventiq Global AI Solutions Private Limited\Desktop\app service\gha\bin'
[2026-09-21 13:34:25Z INFO HostContext] Well known directory 'Root': 'C:\Users\SHAIKH SALAHUDDIN\OneDrive - Noventiq Global AI Solutions Private Limited\Desktop\app service\gha'
[2026-09-21 13:34:25Z INFO HostContext] Well known config file 'MigratedCredentials': 'C:\Users\SHAIKH SALAHUDDIN\OneDrive - Noventiq Global AI Solutions Private Limited\Desktop\app service\gha\.credentials_migrated'
[2026-09-21 13:34:25Z INFO ConfigurationStore] MigratedCredFilePath: C:\Users\SHAIKH SALAHUDDIN\OneDrive - Noventiq Global AI Solutions Private Limited\Desktop\app service\gha\.credentials_migrated
[2026-09-21 13:34:25Z INFO HostContext] Well known directory 'Bin': 'C:\Users\SHAIKH SALAHUDDIN\OneDrive - Noventiq Global AI Solutions Private Limited\Desktop\app service\gha\bin'
[2026-09-21 13:34:25Z INFO HostContext] Well known directory 'Root': 'C:\Users\SHAIKH SALAHUDDIN\OneDrive - Noventiq Global AI Solutions Private Limited\Desktop\app service\gha'
[2026-09-21 13:34:25Z INFO HostContext] Well known config file 'Service': 'C:\Users\SHAIKH SALAHUDDIN\OneDrive - Noventiq Global AI Solutions Private Limited\Desktop\app service\gha\.service'
[2026-09-21 13:34:25Z INFO ConfigurationStore] ServiceConfigFilePath: C:\Users\SHAIKH SALAHUDDIN\OneDrive - Noventiq Global AI Solutions Private Limited\Desktop\app service\gha\.service
[2026-09-21 13:34:25Z INFO ConfigurationStore] Read setting file: 392 chars
[2026-09-21 13:34:25Z INFO JobRunner] Initializing launch client
[2026-09-21 13:34:25Z INFO JobServerQueue] Initializing results client
[2026-09-21 13:34:25Z INFO ResultServer] Creating websocket client ...wss://results-receiver.actions.githubusercontent.com/_ws/ingest.sock
[2026-09-21 13:34:25Z INFO ResultServer] Attempting to start websocket client with delay 00:00:00.
[2026-09-21 13:34:25Z INFO JobServerQueue] Start process web console line queue.
[2026-09-21 13:34:25Z INFO JobServerQueue] Start process file upload queue.
[2026-09-21 13:34:25Z INFO JobServerQueue] Start results file upload queue.
[2026-09-21 13:34:25Z INFO JobServerQueue] Starting results-based upload queue...
[2026-09-21 13:34:25Z INFO JobServerQueue] Start process timeline update queue.
[2026-09-21 13:34:25Z INFO ExecutionContext] Initializing Job context
[2026-09-21 13:34:25Z INFO ExecutionContext] Initialize GitHub context
[2026-09-21 13:34:25Z INFO ExecutionContext] Initialize Env context
[2026-09-21 13:34:25Z INFO HostContext] Well known directory 'Bin': 'C:\Users\SHAIKH SALAHUDDIN\OneDrive - Noventiq Global AI Solutions Private Limited\Desktop\app service\gha\bin'
[2026-09-21 13:34:25Z INFO HostContext] Well known directory 'Root': 'C:\Users\SHAIKH SALAHUDDIN\OneDrive - Noventiq Global AI Solutions Private Limited\Desktop\app service\gha'
[2026-09-21 13:34:25Z INFO HostContext] Well known directory 'Diag': 'C:\Users\SHAIKH SALAHUDDIN\OneDrive - Noventiq Global AI Solutions Private Limited\Desktop\app service\gha\_diag'
[2026-09-21 13:34:25Z INFO HostContext] Well known directory 'Bin': 'C:\Users\SHAIKH SALAHUDDIN\OneDrive - Noventiq Global AI Solutions Private Limited\Desktop\app service\gha\bin'
[2026-09-21 13:34:25Z INFO HostContext] Well known directory 'Root': 'C:\Users\SHAIKH SALAHUDDIN\OneDrive - Noventiq Global AI Solutions Private Limited\Desktop\app service\gha'
[2026-09-21 13:34:25Z INFO HostContext] Well known directory 'Diag': 'C:\Users\SHAIKH SALAHUDDIN\OneDrive - Noventiq Global AI Solutions Private Limited\Desktop\app service\gha\_diag'
[2026-09-21 13:34:25Z INFO JobRunner] Starting the job execution context.
[2026-09-21 13:34:25Z INFO HostContext] Well known directory 'Bin': 'C:\Users\SHAIKH SALAHUDDIN\OneDrive - Noventiq Global AI Solutions Private Limited\Desktop\app service\gha\bin'
[2026-09-21 13:34:25Z INFO HostContext] Well known directory 'Root': 'C:\Users\SHAIKH SALAHUDDIN\OneDrive - Noventiq Global AI Solutions Private Limited\Desktop\app service\gha'
[2026-09-21 13:34:25Z INFO HostContext] Well known directory 'Work': 'C:\Users\SHAIKH SALAHUDDIN\OneDrive - Noventiq Global AI Solutions Private Limited\Desktop\app service\gha\_work'
[2026-09-21 13:34:25Z INFO JobRunner] Validating directory permissions for: 'C:\Users\SHAIKH SALAHUDDIN\OneDrive - Noventiq Global AI Solutions Private Limited\Desktop\app service\gha\_work'
[2026-09-21 13:34:25Z INFO HostContext] Well known directory 'Bin': 'C:\Users\SHAIKH SALAHUDDIN\OneDrive - Noventiq Global AI Solutions Private Limited\Desktop\app service\gha\bin'
[2026-09-21 13:34:25Z INFO HostContext] Well known directory 'Root': 'C:\Users\SHAIKH SALAHUDDIN\OneDrive - Noventiq Global AI Solutions Private Limited\Desktop\app service\gha'
[2026-09-21 13:34:25Z INFO HostContext] Well known directory 'Work': 'C:\Users\SHAIKH SALAHUDDIN\OneDrive - Noventiq Global AI Solutions Private Limited\Desktop\app service\gha\_work'
[2026-09-21 13:34:25Z INFO HostContext] Well known directory 'Tools': 'C:\Users\SHAIKH SALAHUDDIN\OneDrive - Noventiq Global AI Solutions Private Limited\Desktop\app service\gha\_work\_tool'
[2026-09-21 13:34:25Z INFO HostContext] Well known directory 'Bin': 'C:\Users\SHAIKH SALAHUDDIN\OneDrive - Noventiq Global AI Solutions Private Limited\Desktop\app service\gha\bin'
[2026-09-21 13:34:25Z INFO HostContext] Well known directory 'Root': 'C:\Users\SHAIKH SALAHUDDIN\OneDrive - Noventiq Global AI Solutions Private Limited\Desktop\app service\gha'
[2026-09-21 13:34:25Z INFO HostContext] Well known directory 'Work': 'C:\Users\SHAIKH SALAHUDDIN\OneDrive - Noventiq Global AI Solutions Private Limited\Desktop\app service\gha\_work'
[2026-09-21 13:34:25Z INFO HostContext] Well known directory 'Temp': 'C:\Users\SHAIKH SALAHUDDIN\OneDrive - Noventiq Global AI Solutions Private Limited\Desktop\app service\gha\_work\_temp'
[2026-09-21 13:34:25Z INFO JobRunner] Getting job extension.
[2026-09-21 13:34:25Z INFO JobRunner] Initialize job. Getting all job steps.
[2026-09-21 13:34:25Z INFO HostContext] Well known directory 'Bin': 'C:\Users\SHAIKH SALAHUDDIN\OneDrive - Noventiq Global AI Solutions Private Limited\Desktop\app service\gha\bin'
[2026-09-21 13:34:25Z INFO HostContext] Well known directory 'Root': 'C:\Users\SHAIKH SALAHUDDIN\OneDrive - Noventiq Global AI Solutions Private Limited\Desktop\app service\gha'
[2026-09-21 13:34:25Z INFO HostContext] Well known directory 'Diag': 'C:\Users\SHAIKH SALAHUDDIN\OneDrive - Noventiq Global AI Solutions Private Limited\Desktop\app service\gha\_diag'
[2026-09-21 13:34:25Z INFO HostContext] Well known directory 'Bin': 'C:\Users\SHAIKH SALAHUDDIN\OneDrive - Noventiq Global AI Solutions Private Limited\Desktop\app service\gha\bin'
[2026-09-21 13:34:25Z INFO HostContext] Well known directory 'Root': 'C:\Users\SHAIKH SALAHUDDIN\OneDrive - Noventiq Global AI Solutions Private Limited\Desktop\app service\gha'
[2026-09-21 13:34:25Z INFO HostContext] Well known directory 'Diag': 'C:\Users\SHAIKH SALAHUDDIN\OneDrive - Noventiq Global AI Solutions Private Limited\Desktop\app service\gha\_diag'
[2026-09-21 13:34:25Z INFO HostContext] Well known directory 'Bin': 'C:\Users\SHAIKH SALAHUDDIN\OneDrive - Noventiq Global AI Solutions Private Limited\Desktop\app service\gha\bin'
[2026-09-21 13:34:25Z INFO HostContext] Well known directory 'Root': 'C:\Users\SHAIKH SALAHUDDIN\OneDrive - Noventiq Global AI Solutions Private Limited\Desktop\app service\gha'
[2026-09-21 13:34:25Z INFO HostContext] Well known config file 'Credentials': 'C:\Users\SHAIKH SALAHUDDIN\OneDrive - Noventiq Global AI Solutions Private Limited\Desktop\app service\gha\.credentials'
[2026-09-21 13:34:25Z INFO HostContext] Well known directory 'Bin': 'C:\Users\SHAIKH SALAHUDDIN\OneDrive - Noventiq Global AI Solutions Private Limited\Desktop\app service\gha\bin'
[2026-09-21 13:34:25Z INFO HostContext] Well known directory 'Root': 'C:\Users\SHAIKH SALAHUDDIN\OneDrive - Noventiq Global AI Solutions Private Limited\Desktop\app service\gha'
[2026-09-21 13:34:25Z INFO HostContext] Well known config file 'SetupInfo': 'C:\Users\SHAIKH SALAHUDDIN\OneDrive - Noventiq Global AI Solutions Private Limited\Desktop\app service\gha\.setup_info'
[2026-09-21 13:34:25Z INFO HostContext] Well known directory 'Bin': 'C:\Users\SHAIKH SALAHUDDIN\OneDrive - Noventiq Global AI Solutions Private Limited\Desktop\app service\gha\bin'
[2026-09-21 13:34:25Z INFO HostContext] Well known directory 'Root': 'C:\Users\SHAIKH SALAHUDDIN\OneDrive - Noventiq Global AI Solutions Private Limited\Desktop\app service\gha'
[2026-09-21 13:34:25Z INFO HostContext] Well known directory 'Work': 'C:\Users\SHAIKH SALAHUDDIN\OneDrive - Noventiq Global AI Solutions Private Limited\Desktop\app service\gha\_work'
[2026-09-21 13:34:25Z INFO PipelineDirectoryManager] Loading tracking config if exists: C:\Users\SHAIKH SALAHUDDIN\OneDrive - Noventiq Global AI Solutions Private Limited\Desktop\app service\gha\_work\_PipelineMapping\benitdecry/helm-actions-\PipelineFolder.json
[2026-09-21 13:34:25Z INFO PipelineDirectoryManager] Updating job run properties.
[2026-09-21 13:34:25Z INFO HostContext] Well known directory 'Bin': 'C:\Users\SHAIKH SALAHUDDIN\OneDrive - Noventiq Global AI Solutions Private Limited\Desktop\app service\gha\bin'
[2026-09-21 13:34:25Z INFO HostContext] Well known directory 'Root': 'C:\Users\SHAIKH SALAHUDDIN\OneDrive - Noventiq Global AI Solutions Private Limited\Desktop\app service\gha'
[2026-09-21 13:34:25Z INFO HostContext] Well known directory 'Work': 'C:\Users\SHAIKH SALAHUDDIN\OneDrive - Noventiq Global AI Solutions Private Limited\Desktop\app service\gha\_work'
[2026-09-21 13:34:25Z INFO HostContext] Well known directory 'Bin': 'C:\Users\SHAIKH SALAHUDDIN\OneDrive - Noventiq Global AI Solutions Private Limited\Desktop\app service\gha\bin'
[2026-09-21 13:34:25Z INFO HostContext] Well known directory 'Root': 'C:\Users\SHAIKH SALAHUDDIN\OneDrive - Noventiq Global AI Solutions Private Limited\Desktop\app service\gha'
[2026-09-21 13:34:25Z INFO HostContext] Well known directory 'Work': 'C:\Users\SHAIKH SALAHUDDIN\OneDrive - Noventiq Global AI Solutions Private Limited\Desktop\app service\gha\_work'
[2026-09-21 13:34:25Z INFO HostContext] Well known directory 'Bin': 'C:\Users\SHAIKH SALAHUDDIN\OneDrive - Noventiq Global AI Solutions Private Limited\Desktop\app service\gha\bin'
[2026-09-21 13:34:25Z INFO HostContext] Well known directory 'Root': 'C:\Users\SHAIKH SALAHUDDIN\OneDrive - Noventiq Global AI Solutions Private Limited\Desktop\app service\gha'
[2026-09-21 13:34:25Z INFO HostContext] Well known directory 'Work': 'C:\Users\SHAIKH SALAHUDDIN\OneDrive - Noventiq Global AI Solutions Private Limited\Desktop\app service\gha\_work'
[2026-09-21 13:34:25Z INFO JobExtension] Downloading actions
[2026-09-21 13:34:25Z INFO HostContext] Well known directory 'Bin': 'C:\Users\SHAIKH SALAHUDDIN\OneDrive - Noventiq Global AI Solutions Private Limited\Desktop\app service\gha\bin'
[2026-09-21 13:34:25Z INFO HostContext] Well known directory 'Root': 'C:\Users\SHAIKH SALAHUDDIN\OneDrive - Noventiq Global AI Solutions Private Limited\Desktop\app service\gha'
[2026-09-21 13:34:25Z INFO HostContext] Well known directory 'Work': 'C:\Users\SHAIKH SALAHUDDIN\OneDrive - Noventiq Global AI Solutions Private Limited\Desktop\app service\gha\_work'
[2026-09-21 13:34:25Z INFO HostContext] Well known directory 'Actions': 'C:\Users\SHAIKH SALAHUDDIN\OneDrive - Noventiq Global AI Solutions Private Limited\Desktop\app service\gha\_work\_actions'
[2026-09-21 13:34:25Z INFO JobExtension] Adding .
[2026-09-21 13:34:25Z INFO JobExtension] Adding .
[2026-09-21 13:34:25Z INFO JobExtension] Adding .
[2026-09-21 13:34:25Z INFO JobExtension] Adding .
[2026-09-21 13:34:25Z INFO JobExtension] Adding .
[2026-09-21 13:34:25Z INFO JobExtension] Adding .
[2026-09-21 13:34:25Z INFO HostContext] Well known directory 'Bin': 'C:\Users\SHAIKH SALAHUDDIN\OneDrive - Noventiq Global AI Solutions Private Limited\Desktop\app service\gha\bin'
[2026-09-21 13:34:25Z INFO HostContext] Well known directory 'Root': 'C:\Users\SHAIKH SALAHUDDIN\OneDrive - Noventiq Global AI Solutions Private Limited\Desktop\app service\gha'
[2026-09-21 13:34:25Z INFO HostContext] Well known directory 'Diag': 'C:\Users\SHAIKH SALAHUDDIN\OneDrive - Noventiq Global AI Solutions Private Limited\Desktop\app service\gha\_diag'
[2026-09-21 13:34:25Z INFO HostContext] Well known directory 'Bin': 'C:\Users\SHAIKH SALAHUDDIN\OneDrive - Noventiq Global AI Solutions Private Limited\Desktop\app service\gha\bin'
[2026-09-21 13:34:25Z INFO HostContext] Well known directory 'Root': 'C:\Users\SHAIKH SALAHUDDIN\OneDrive - Noventiq Global AI Solutions Private Limited\Desktop\app service\gha'
[2026-09-21 13:34:25Z INFO HostContext] Well known directory 'Diag': 'C:\Users\SHAIKH SALAHUDDIN\OneDrive - Noventiq Global AI Solutions Private Limited\Desktop\app service\gha\_diag'
[2026-09-21 13:34:25Z INFO HostContext] Well known directory 'Bin': 'C:\Users\SHAIKH SALAHUDDIN\OneDrive - Noventiq Global AI Solutions Private Limited\Desktop\app service\gha\bin'
[2026-09-21 13:34:25Z INFO HostContext] Well known directory 'Root': 'C:\Users\SHAIKH SALAHUDDIN\OneDrive - Noventiq Global AI Solutions Private Limited\Desktop\app service\gha'
[2026-09-21 13:34:25Z INFO HostContext] Well known directory 'Diag': 'C:\Users\SHAIKH SALAHUDDIN\OneDrive - Noventiq Global AI Solutions Private Limited\Desktop\app service\gha\_diag'
[2026-09-21 13:34:25Z INFO HostContext] Well known directory 'Bin': 'C:\Users\SHAIKH SALAHUDDIN\OneDrive - Noventiq Global AI Solutions Private Limited\Desktop\app service\gha\bin'
[2026-09-21 13:34:25Z INFO HostContext] Well known directory 'Root': 'C:\Users\SHAIKH SALAHUDDIN\OneDrive - Noventiq Global AI Solutions Private Limited\Desktop\app service\gha'
[2026-09-21 13:34:25Z INFO HostContext] Well known directory 'Diag': 'C:\Users\SHAIKH SALAHUDDIN\OneDrive - Noventiq Global AI Solutions Private Limited\Desktop\app service\gha\_diag'
[2026-09-21 13:34:25Z INFO HostContext] Well known directory 'Bin': 'C:\Users\SHAIKH SALAHUDDIN\OneDrive - Noventiq Global AI Solutions Private Limited\Desktop\app service\gha\bin'
[2026-09-21 13:34:25Z INFO HostContext] Well known directory 'Root': 'C:\Users\SHAIKH SALAHUDDIN\OneDrive - Noventiq Global AI Solutions Private Limited\Desktop\app service\gha'
[2026-09-21 13:34:25Z INFO HostContext] Well known directory 'Diag': 'C:\Users\SHAIKH SALAHUDDIN\OneDrive - Noventiq Global AI Solutions Private Limited\Desktop\app service\gha\_diag'
[2026-09-21 13:34:25Z INFO HostContext] Well known directory 'Bin': 'C:\Users\SHAIKH SALAHUDDIN\OneDrive - Noventiq Global AI Solutions Private Limited\Desktop\app service\gha\bin'
[2026-09-21 13:34:25Z INFO HostContext] Well known directory 'Root': 'C:\Users\SHAIKH SALAHUDDIN\OneDrive - Noventiq Global AI Solutions Private Limited\Desktop\app service\gha'
[2026-09-21 13:34:25Z INFO HostContext] Well known directory 'Diag': 'C:\Users\SHAIKH SALAHUDDIN\OneDrive - Noventiq Global AI Solutions Private Limited\Desktop\app service\gha\_diag'
[2026-09-21 13:34:25Z INFO HostContext] Well known directory 'Bin': 'C:\Users\SHAIKH SALAHUDDIN\OneDrive - Noventiq Global AI Solutions Private Limited\Desktop\app service\gha\bin'
[2026-09-21 13:34:25Z INFO HostContext] Well known directory 'Root': 'C:\Users\SHAIKH SALAHUDDIN\OneDrive - Noventiq Global AI Solutions Private Limited\Desktop\app service\gha'
[2026-09-21 13:34:25Z INFO HostContext] Well known directory 'Diag': 'C:\Users\SHAIKH SALAHUDDIN\OneDrive - Noventiq Global AI Solutions Private Limited\Desktop\app service\gha\_diag'
[2026-09-21 13:34:25Z INFO HostContext] Well known directory 'Bin': 'C:\Users\SHAIKH SALAHUDDIN\OneDrive - Noventiq Global AI Solutions Private Limited\Desktop\app service\gha\bin'
[2026-09-21 13:34:25Z INFO HostContext] Well known directory 'Root': 'C:\Users\SHAIKH SALAHUDDIN\OneDrive - Noventiq Global AI Solutions Private Limited\Desktop\app service\gha'
[2026-09-21 13:34:25Z INFO HostContext] Well known directory 'Diag': 'C:\Users\SHAIKH SALAHUDDIN\OneDrive - Noventiq Global AI Solutions Private Limited\Desktop\app service\gha\_diag'
[2026-09-21 13:34:25Z INFO HostContext] Well known directory 'Bin': 'C:\Users\SHAIKH SALAHUDDIN\OneDrive - Noventiq Global AI Solutions Private Limited\Desktop\app service\gha\bin'
[2026-09-21 13:34:25Z INFO HostContext] Well known directory 'Root': 'C:\Users\SHAIKH SALAHUDDIN\OneDrive - Noventiq Global AI Solutions Private Limited\Desktop\app service\gha'
[2026-09-21 13:34:25Z INFO HostContext] Well known directory 'Diag': 'C:\Users\SHAIKH SALAHUDDIN\OneDrive - Noventiq Global AI Solutions Private Limited\Desktop\app service\gha\_diag'
[2026-09-21 13:34:25Z INFO HostContext] Well known directory 'Bin': 'C:\Users\SHAIKH SALAHUDDIN\OneDrive - Noventiq Global AI Solutions Private Limited\Desktop\app service\gha\bin'
[2026-09-21 13:34:25Z INFO HostContext] Well known directory 'Root': 'C:\Users\SHAIKH SALAHUDDIN\OneDrive - Noventiq Global AI Solutions Private Limited\Desktop\app service\gha'
[2026-09-21 13:34:25Z INFO HostContext] Well known directory 'Diag': 'C:\Users\SHAIKH SALAHUDDIN\OneDrive - Noventiq Global AI Solutions Private Limited\Desktop\app service\gha\_diag'
[2026-09-21 13:34:25Z INFO HostContext] Well known directory 'Bin': 'C:\Users\SHAIKH SALAHUDDIN\OneDrive - Noventiq Global AI Solutions Private Limited\Desktop\app service\gha\bin'
[2026-09-21 13:34:25Z INFO HostContext] Well known directory 'Root': 'C:\Users\SHAIKH SALAHUDDIN\OneDrive - Noventiq Global AI Solutions Private Limited\Desktop\app service\gha'
[2026-09-21 13:34:25Z INFO HostContext] Well known directory 'Diag': 'C:\Users\SHAIKH SALAHUDDIN\OneDrive - Noventiq Global AI Solutions Private Limited\Desktop\app service\gha\_diag'
[2026-09-21 13:34:25Z INFO HostContext] Well known directory 'Bin': 'C:\Users\SHAIKH SALAHUDDIN\OneDrive - Noventiq Global AI Solutions Private Limited\Desktop\app service\gha\bin'
[2026-09-21 13:34:25Z INFO HostContext] Well known directory 'Root': 'C:\Users\SHAIKH SALAHUDDIN\OneDrive - Noventiq Global AI Solutions Private Limited\Desktop\app service\gha'
[2026-09-21 13:34:25Z INFO HostContext] Well known directory 'Diag': 'C:\Users\SHAIKH SALAHUDDIN\OneDrive - Noventiq Global AI Solutions Private Limited\Desktop\app service\gha\_diag'
[2026-09-21 13:34:25Z INFO JobExtension] Total accessible running process: 383.
[2026-09-21 13:34:25Z INFO HostContext] Well known directory 'Bin': 'C:\Users\SHAIKH SALAHUDDIN\OneDrive - Noventiq Global AI Solutions Private Limited\Desktop\app service\gha\bin'
[2026-09-21 13:34:25Z INFO HostContext] Well known directory 'Root': 'C:\Users\SHAIKH SALAHUDDIN\OneDrive - Noventiq Global AI Solutions Private Limited\Desktop\app service\gha'
[2026-09-21 13:34:25Z INFO HostContext] Well known directory 'Work': 'C:\Users\SHAIKH SALAHUDDIN\OneDrive - Noventiq Global AI Solutions Private Limited\Desktop\app service\gha\_work'
[2026-09-21 13:34:25Z INFO JobExtension] Start checking server connectivity.
[2026-09-21 13:34:25Z INFO JobExtension] Check server connectivity for https://broker.actions.githubusercontent.com/health.
[2026-09-21 13:34:25Z INFO JobExtension] Check server connectivity for https://token.actions.githubusercontent.com/ready.
[2026-09-21 13:34:25Z INFO JobExtension] Check server connectivity for https://run.actions.githubusercontent.com/health.
[2026-09-21 13:34:25Z INFO JobExtension] Start checking service connectivity in background.
[2026-09-21 13:34:25Z INFO ExecutionContext] Publish step telemetry for current step {
  "action": "setup_job",
  "type": "runner",
  "stage": "Pre",
  "stepId": "0d6b068b-717a-4e2f-ad92-5b82eb43e13b",
  "result": "succeeded",
  "errorMessages": [],
  "executionTimeInSeconds": 1,
  "startTime": "2026-09-21T13:34:25.766862Z",
  "finishTime": "2026-09-21T13:34:25.8323738Z"
}.
[2026-09-21 13:34:25Z INFO JobRunner] Total job steps: 6.
[2026-09-21 13:34:25Z INFO JobRunner] Run all job steps.
[2026-09-21 13:34:25Z INFO DapDebugger] DapDebugger initialized
[2026-09-21 13:34:25Z INFO StepsRunner] Processing step: DisplayName='Check Kubernetes connection'
[2026-09-21 13:34:25Z INFO StepsRunner] Evaluating: success()
[2026-09-21 13:34:25Z INFO StepsRunner] Result: true
[2026-09-21 13:34:25Z INFO StepsRunner] Starting the step.
[2026-09-21 13:34:25Z INFO HostContext] Well known directory 'Bin': 'C:\Users\SHAIKH SALAHUDDIN\OneDrive - Noventiq Global AI Solutions Private Limited\Desktop\app service\gha\bin'
[2026-09-21 13:34:25Z INFO HostContext] Well known directory 'Root': 'C:\Users\SHAIKH SALAHUDDIN\OneDrive - Noventiq Global AI Solutions Private Limited\Desktop\app service\gha'
[2026-09-21 13:34:25Z INFO HostContext] Well known directory 'Work': 'C:\Users\SHAIKH SALAHUDDIN\OneDrive - Noventiq Global AI Solutions Private Limited\Desktop\app service\gha\_work'
[2026-09-21 13:34:25Z INFO StepsRunner] Which2: 'chcp'
[2026-09-21 13:34:25Z INFO StepsRunner] Location: 'C:\Windows\system32\chcp.COM'
[2026-09-21 13:34:25Z INFO ProcessInvokerWrapper] Starting process:
[2026-09-21 13:34:25Z INFO ProcessInvokerWrapper]   File name: 'C:\Windows\system32\chcp.COM'
[2026-09-21 13:34:25Z INFO ProcessInvokerWrapper]   Arguments: '65001'
[2026-09-21 13:34:25Z INFO ProcessInvokerWrapper]   Working directory: 'C:\Users\SHAIKH SALAHUDDIN\OneDrive - Noventiq Global AI Solutions Private Limited\Desktop\app service\gha\_work'
[2026-09-21 13:34:25Z INFO ProcessInvokerWrapper]   Require exit code zero: 'False'
[2026-09-21 13:34:25Z INFO ProcessInvokerWrapper]   Encoding web name:  ; code page: ''
[2026-09-21 13:34:25Z INFO ProcessInvokerWrapper]   Force kill process on cancellation: 'False'
[2026-09-21 13:34:25Z INFO ProcessInvokerWrapper]   Redirected STDIN: 'False'
[2026-09-21 13:34:25Z INFO ProcessInvokerWrapper]   Persist current code page: 'True'
[2026-09-21 13:34:25Z INFO ProcessInvokerWrapper]   Keep redirected STDIN open: 'False'
[2026-09-21 13:34:25Z INFO ProcessInvokerWrapper]   High priority process: 'False'
[2026-09-21 13:34:25Z INFO ProcessInvokerWrapper] Process started with process id 12012, waiting for process exit.
[2026-09-21 13:34:25Z INFO Worker] Listening for cancel message from the channel.
[2026-09-21 13:34:25Z INFO Worker] Waiting for the job to complete or for a cancel message from the channel.
[2026-09-21 13:34:25Z INFO ProcessInvokerWrapper] STDOUT/STDERR stream read finished.
[2026-09-21 13:34:25Z INFO ProcessInvokerWrapper] STDOUT/STDERR stream read finished.
[2026-09-21 13:34:25Z INFO ProcessInvokerWrapper] Finished process 12012 with exit code 0, and elapsed time 00:00:00.0154746.
[2026-09-21 13:34:25Z INFO StepsRunner] Successfully returned to code page 65001 (UTF8)
[2026-09-21 13:34:25Z INFO HostContext] Well known directory 'Bin': 'C:\Users\SHAIKH SALAHUDDIN\OneDrive - Noventiq Global AI Solutions Private Limited\Desktop\app service\gha\bin'
[2026-09-21 13:34:25Z INFO HostContext] Well known directory 'Root': 'C:\Users\SHAIKH SALAHUDDIN\OneDrive - Noventiq Global AI Solutions Private Limited\Desktop\app service\gha'
[2026-09-21 13:34:25Z INFO HostContext] Well known directory 'Work': 'C:\Users\SHAIKH SALAHUDDIN\OneDrive - Noventiq Global AI Solutions Private Limited\Desktop\app service\gha\_work'
[2026-09-21 13:34:25Z INFO HostContext] Well known directory 'Temp': 'C:\Users\SHAIKH SALAHUDDIN\OneDrive - Noventiq Global AI Solutions Private Limited\Desktop\app service\gha\_work\_temp'
[2026-09-21 13:34:25Z INFO ExecutionContext] Write event payload to C:\Users\SHAIKH SALAHUDDIN\OneDrive - Noventiq Global AI Solutions Private Limited\Desktop\app service\gha\_work\_temp\_github_workflow\event.json
[2026-09-21 13:34:25Z INFO HostContext] Well known directory 'Bin': 'C:\Users\SHAIKH SALAHUDDIN\OneDrive - Noventiq Global AI Solutions Private Limited\Desktop\app service\gha\bin'
[2026-09-21 13:34:25Z INFO HostContext] Well known directory 'Root': 'C:\Users\SHAIKH SALAHUDDIN\OneDrive - Noventiq Global AI Solutions Private Limited\Desktop\app service\gha'
[2026-09-21 13:34:25Z INFO HostContext] Well known directory 'Work': 'C:\Users\SHAIKH SALAHUDDIN\OneDrive - Noventiq Global AI Solutions Private Limited\Desktop\app service\gha\_work'
[2026-09-21 13:34:25Z INFO HostContext] Well known directory 'Temp': 'C:\Users\SHAIKH SALAHUDDIN\OneDrive - Noventiq Global AI Solutions Private Limited\Desktop\app service\gha\_work\_temp'
[2026-09-21 13:34:25Z INFO ExtensionManager] Getting extensions for interface: 'GitHub.Runner.Worker.IFileCommandExtension'
[2026-09-21 13:34:25Z INFO ExtensionManager] Creating instance: GitHub.Runner.Worker.AddPathFileCommand, Runner.Worker
[2026-09-21 13:34:25Z INFO ExtensionManager] Creating instance: GitHub.Runner.Worker.SetEnvFileCommand, Runner.Worker
[2026-09-21 13:34:25Z INFO ExtensionManager] Creating instance: GitHub.Runner.Worker.CreateStepSummaryCommand, Runner.Worker
[2026-09-21 13:34:25Z INFO ExtensionManager] Creating instance: GitHub.Runner.Worker.SaveStateFileCommand, Runner.Worker
[2026-09-21 13:34:25Z INFO ExtensionManager] Creating instance: GitHub.Runner.Worker.SetOutputFileCommand, Runner.Worker
[2026-09-21 13:34:25Z INFO ExtensionManager] Creating instance: GitHub.Runner.Worker.CreateArtifactsFileCommand, Runner.Worker
[2026-09-21 13:34:25Z INFO ExtensionManager] Creating instance: GitHub.Runner.Worker.ArtifactsListFileCommand, Runner.Worker
[2026-09-21 13:34:25Z INFO ExtensionManager] Getting extensions for interface: 'GitHub.Runner.Worker.IActionCommandExtension'
[2026-09-21 13:34:25Z INFO ExtensionManager] Creating instance: GitHub.Runner.Worker.InternalPluginSetRepoPathCommandExtension, Runner.Worker
[2026-09-21 13:34:25Z INFO ExtensionManager] Creating instance: GitHub.Runner.Worker.SetEnvCommandExtension, Runner.Worker
[2026-09-21 13:34:25Z INFO ExtensionManager] Creating instance: GitHub.Runner.Worker.SetOutputCommandExtension, Runner.Worker
[2026-09-21 13:34:25Z INFO ExtensionManager] Creating instance: GitHub.Runner.Worker.SaveStateCommandExtension, Runner.Worker
[2026-09-21 13:34:25Z INFO ExtensionManager] Creating instance: GitHub.Runner.Worker.AddPathCommandExtension, Runner.Worker
[2026-09-21 13:34:25Z INFO ExtensionManager] Creating instance: GitHub.Runner.Worker.AddMaskCommandExtension, Runner.Worker
[2026-09-21 13:34:25Z INFO ExtensionManager] Creating instance: GitHub.Runner.Worker.AddMatcherCommandExtension, Runner.Worker
[2026-09-21 13:34:25Z INFO ExtensionManager] Creating instance: GitHub.Runner.Worker.RemoveMatcherCommandExtension, Runner.Worker
[2026-09-21 13:34:25Z INFO ExtensionManager] Creating instance: GitHub.Runner.Worker.WarningCommandExtension, Runner.Worker
[2026-09-21 13:34:25Z INFO ExtensionManager] Creating instance: GitHub.Runner.Worker.ErrorCommandExtension, Runner.Worker
[2026-09-21 13:34:25Z INFO ExtensionManager] Creating instance: GitHub.Runner.Worker.NoticeCommandExtension, Runner.Worker
[2026-09-21 13:34:25Z INFO ExtensionManager] Creating instance: GitHub.Runner.Worker.DebugCommandExtension, Runner.Worker
[2026-09-21 13:34:25Z INFO ExtensionManager] Creating instance: GitHub.Runner.Worker.GroupCommandExtension, Runner.Worker
[2026-09-21 13:34:25Z INFO ExtensionManager] Creating instance: GitHub.Runner.Worker.EndGroupCommandExtension, Runner.Worker
[2026-09-21 13:34:25Z INFO ExtensionManager] Creating instance: GitHub.Runner.Worker.EchoCommandExtension, Runner.Worker
[2026-09-21 13:34:25Z INFO ActionCommandManager] Register action command extension for command internal-set-repo-path
[2026-09-21 13:34:25Z INFO ActionCommandManager] Register action command extension for command set-env
[2026-09-21 13:34:25Z INFO ActionCommandManager] Register action command extension for command set-output
[2026-09-21 13:34:25Z INFO ActionCommandManager] Register action command extension for command save-state
[2026-09-21 13:34:25Z INFO ActionCommandManager] Register action command extension for command add-path
[2026-09-21 13:34:25Z INFO ActionCommandManager] Register action command extension for command add-mask
[2026-09-21 13:34:25Z INFO ActionCommandManager] Register action command extension for command add-matcher
[2026-09-21 13:34:25Z INFO ActionCommandManager] Register action command extension for command remove-matcher
[2026-09-21 13:34:25Z INFO ActionCommandManager] Register action command extension for command warning
[2026-09-21 13:34:25Z INFO ActionCommandManager] Register action command extension for command error
[2026-09-21 13:34:25Z INFO ActionCommandManager] Register action command extension for command notice
[2026-09-21 13:34:25Z INFO ActionCommandManager] Register action command extension for command debug
[2026-09-21 13:34:25Z INFO ActionCommandManager] Register action command extension for command group
[2026-09-21 13:34:25Z INFO ActionCommandManager] Register action command extension for command endgroup
[2026-09-21 13:34:25Z INFO ActionCommandManager] Register action command extension for command echo
[2026-09-21 13:34:25Z INFO ScriptHandler] Which2: 'pwsh'
[2026-09-21 13:34:25Z INFO ScriptHandler] Location: 'C:\Program Files\PowerShell\7\pwsh.EXE'
[2026-09-21 13:34:25Z INFO HostContext] Well known directory 'Bin': 'C:\Users\SHAIKH SALAHUDDIN\OneDrive - Noventiq Global AI Solutions Private Limited\Desktop\app service\gha\bin'
[2026-09-21 13:34:25Z INFO HostContext] Well known directory 'Root': 'C:\Users\SHAIKH SALAHUDDIN\OneDrive - Noventiq Global AI Solutions Private Limited\Desktop\app service\gha'
[2026-09-21 13:34:25Z INFO HostContext] Well known directory 'Work': 'C:\Users\SHAIKH SALAHUDDIN\OneDrive - Noventiq Global AI Solutions Private Limited\Desktop\app service\gha\_work'
[2026-09-21 13:34:25Z INFO HostContext] Well known directory 'Temp': 'C:\Users\SHAIKH SALAHUDDIN\OneDrive - Noventiq Global AI Solutions Private Limited\Desktop\app service\gha\_work\_temp'
[2026-09-21 13:34:25Z INFO ScriptHandler] Which2: 'pwsh'
[2026-09-21 13:34:25Z INFO ScriptHandler] Location: 'C:\Program Files\PowerShell\7\pwsh.EXE'
[2026-09-21 13:34:25Z INFO ProcessInvokerWrapper] Starting process:
[2026-09-21 13:34:25Z INFO ProcessInvokerWrapper]   File name: 'C:\Program Files\PowerShell\7\pwsh.EXE'
[2026-09-21 13:34:25Z INFO ProcessInvokerWrapper]   Arguments: '-command ". 'C:\Users\SHAIKH SALAHUDDIN\OneDrive - Noventiq Global AI Solutions Private Limited\Desktop\app service\gha\_work\_temp\2d15fa88-361c-4e43-b8fa-cd223a9292c6.ps1'"'
[2026-09-21 13:34:25Z INFO ProcessInvokerWrapper]   Working directory: 'C:\Users\SHAIKH SALAHUDDIN\OneDrive - Noventiq Global AI Solutions Private Limited\Desktop\app service\gha\_work\helm-actions-\helm-actions-'
[2026-09-21 13:34:25Z INFO ProcessInvokerWrapper]   Require exit code zero: 'False'
[2026-09-21 13:34:25Z INFO ProcessInvokerWrapper]   Encoding web name:  ; code page: ''
[2026-09-21 13:34:25Z INFO ProcessInvokerWrapper]   Force kill process on cancellation: 'False'
[2026-09-21 13:34:25Z INFO ProcessInvokerWrapper]   Redirected STDIN: 'False'
[2026-09-21 13:34:25Z INFO ProcessInvokerWrapper]   Persist current code page: 'True'
[2026-09-21 13:34:25Z INFO ProcessInvokerWrapper]   Keep redirected STDIN open: 'False'
[2026-09-21 13:34:25Z INFO ProcessInvokerWrapper]   High priority process: 'False'
[2026-09-21 13:34:25Z INFO ProcessInvokerWrapper] Process started with process id 25912, waiting for process exit.
[2026-09-21 13:34:26Z INFO ResultServer] Successfully started websocket client.
[2026-09-21 13:34:26Z INFO JobServerQueue] Try to append 1 batches web console lines for record '0d6b068b-717a-4e2f-ad92-5b82eb43e13b', success rate: 1/1.
[2026-09-21 13:34:26Z INFO JobServerQueue] Try to append 1 batches web console lines for record 'beb7ec9c-a653-492a-a7c7-b8456b41cc11', success rate: 1/1.
[2026-09-21 13:34:26Z INFO ProcessInvokerWrapper] STDOUT/STDERR stream read finished.
[2026-09-21 13:34:26Z INFO ProcessInvokerWrapper] STDOUT/STDERR stream read finished.
[2026-09-21 13:34:26Z INFO ProcessInvokerWrapper] Finished process 25912 with exit code 0, and elapsed time 00:00:00.6780823.
[2026-09-21 13:34:26Z INFO CreateStepSummaryCommand] Step Summary file (C:\Users\SHAIKH SALAHUDDIN\OneDrive - Noventiq Global AI Solutions Private Limited\Desktop\app service\gha\_work\_temp\_runner_file_commands\step_summary_ce73dd5e-f7cb-449d-a3f6-21659d746621) is empty; skipping attachment upload
[2026-09-21 13:34:26Z INFO StepsRunner] Step result: 
[2026-09-21 13:34:26Z INFO ExecutionContext] Publish step telemetry for current step {
  "action": "pwsh",
  "type": "run",
  "stage": "Main",
  "stepId": "beb7ec9c-a653-492a-a7c7-b8456b41cc11",
  "stepContextName": "__run",
  "result": "succeeded",
  "errorMessages": [],
  "executionTimeInSeconds": 1,
  "startTime": "2026-09-21T13:34:25.8434894Z",
  "finishTime": "2026-09-21T13:34:26.619943Z"
}.
[2026-09-21 13:34:26Z INFO StepsRunner] No need for updating job result with current step result 'Succeeded'.
[2026-09-21 13:34:26Z INFO StepsRunner] Current state: job state = ''
[2026-09-21 13:34:26Z INFO StepsRunner] Processing step: DisplayName='Add NGINX Helm repository'
[2026-09-21 13:34:26Z INFO StepsRunner] Evaluating: success()
[2026-09-21 13:34:26Z INFO StepsRunner] Result: true
[2026-09-21 13:34:26Z INFO StepsRunner] Starting the step.
[2026-09-21 13:34:26Z INFO HostContext] Well known directory 'Bin': 'C:\Users\SHAIKH SALAHUDDIN\OneDrive - Noventiq Global AI Solutions Private Limited\Desktop\app service\gha\bin'
[2026-09-21 13:34:26Z INFO HostContext] Well known directory 'Root': 'C:\Users\SHAIKH SALAHUDDIN\OneDrive - Noventiq Global AI Solutions Private Limited\Desktop\app service\gha'
[2026-09-21 13:34:26Z INFO HostContext] Well known directory 'Work': 'C:\Users\SHAIKH SALAHUDDIN\OneDrive - Noventiq Global AI Solutions Private Limited\Desktop\app service\gha\_work'
[2026-09-21 13:34:26Z INFO StepsRunner] Which2: 'chcp'
[2026-09-21 13:34:26Z INFO StepsRunner] Location: 'C:\Windows\system32\chcp.COM'
[2026-09-21 13:34:26Z INFO ProcessInvokerWrapper] Starting process:
[2026-09-21 13:34:26Z INFO ProcessInvokerWrapper]   File name: 'C:\Windows\system32\chcp.COM'
[2026-09-21 13:34:26Z INFO ProcessInvokerWrapper]   Arguments: '65001'
[2026-09-21 13:34:26Z INFO ProcessInvokerWrapper]   Working directory: 'C:\Users\SHAIKH SALAHUDDIN\OneDrive - Noventiq Global AI Solutions Private Limited\Desktop\app service\gha\_work'
[2026-09-21 13:34:26Z INFO ProcessInvokerWrapper]   Require exit code zero: 'False'
[2026-09-21 13:34:26Z INFO ProcessInvokerWrapper]   Encoding web name:  ; code page: ''
[2026-09-21 13:34:26Z INFO ProcessInvokerWrapper]   Force kill process on cancellation: 'False'
[2026-09-21 13:34:26Z INFO ProcessInvokerWrapper]   Redirected STDIN: 'False'
[2026-09-21 13:34:26Z INFO ProcessInvokerWrapper]   Persist current code page: 'True'
[2026-09-21 13:34:26Z INFO ProcessInvokerWrapper]   Keep redirected STDIN open: 'False'
[2026-09-21 13:34:26Z INFO ProcessInvokerWrapper]   High priority process: 'False'
[2026-09-21 13:34:26Z INFO ProcessInvokerWrapper] Process started with process id 34356, waiting for process exit.
[2026-09-21 13:34:26Z INFO ProcessInvokerWrapper] STDOUT/STDERR stream read finished.
[2026-09-21 13:34:26Z INFO ProcessInvokerWrapper] STDOUT/STDERR stream read finished.
[2026-09-21 13:34:26Z INFO ProcessInvokerWrapper] Finished process 34356 with exit code 0, and elapsed time 00:00:00.0087657.
[2026-09-21 13:34:26Z INFO StepsRunner] Successfully returned to code page 65001 (UTF8)
[2026-09-21 13:34:26Z INFO HostContext] Well known directory 'Bin': 'C:\Users\SHAIKH SALAHUDDIN\OneDrive - Noventiq Global AI Solutions Private Limited\Desktop\app service\gha\bin'
[2026-09-21 13:34:26Z INFO HostContext] Well known directory 'Root': 'C:\Users\SHAIKH SALAHUDDIN\OneDrive - Noventiq Global AI Solutions Private Limited\Desktop\app service\gha'
[2026-09-21 13:34:26Z INFO HostContext] Well known directory 'Work': 'C:\Users\SHAIKH SALAHUDDIN\OneDrive - Noventiq Global AI Solutions Private Limited\Desktop\app service\gha\_work'
[2026-09-21 13:34:26Z INFO HostContext] Well known directory 'Temp': 'C:\Users\SHAIKH SALAHUDDIN\OneDrive - Noventiq Global AI Solutions Private Limited\Desktop\app service\gha\_work\_temp'
[2026-09-21 13:34:26Z INFO ExecutionContext] Write event payload to C:\Users\SHAIKH SALAHUDDIN\OneDrive - Noventiq Global AI Solutions Private Limited\Desktop\app service\gha\_work\_temp\_github_workflow\event.json
[2026-09-21 13:34:26Z INFO HostContext] Well known directory 'Bin': 'C:\Users\SHAIKH SALAHUDDIN\OneDrive - Noventiq Global AI Solutions Private Limited\Desktop\app service\gha\bin'
[2026-09-21 13:34:26Z INFO HostContext] Well known directory 'Root': 'C:\Users\SHAIKH SALAHUDDIN\OneDrive - Noventiq Global AI Solutions Private Limited\Desktop\app service\gha'
[2026-09-21 13:34:26Z INFO HostContext] Well known directory 'Work': 'C:\Users\SHAIKH SALAHUDDIN\OneDrive - Noventiq Global AI Solutions Private Limited\Desktop\app service\gha\_work'
[2026-09-21 13:34:26Z INFO HostContext] Well known directory 'Temp': 'C:\Users\SHAIKH SALAHUDDIN\OneDrive - Noventiq Global AI Solutions Private Limited\Desktop\app service\gha\_work\_temp'
[2026-09-21 13:34:26Z INFO ExtensionManager] Getting extensions for interface: 'GitHub.Runner.Worker.IFileCommandExtension'
[2026-09-21 13:34:26Z INFO ExtensionManager] Getting extensions for interface: 'GitHub.Runner.Worker.IActionCommandExtension'
[2026-09-21 13:34:26Z INFO ActionCommandManager] Register action command extension for command internal-set-repo-path
[2026-09-21 13:34:26Z INFO ActionCommandManager] Register action command extension for command set-env
[2026-09-21 13:34:26Z INFO ActionCommandManager] Register action command extension for command set-output
[2026-09-21 13:34:26Z INFO ActionCommandManager] Register action command extension for command save-state
[2026-09-21 13:34:26Z INFO ActionCommandManager] Register action command extension for command add-path
[2026-09-21 13:34:26Z INFO ActionCommandManager] Register action command extension for command add-mask
[2026-09-21 13:34:26Z INFO ActionCommandManager] Register action command extension for command add-matcher
[2026-09-21 13:34:26Z INFO ActionCommandManager] Register action command extension for command remove-matcher
[2026-09-21 13:34:26Z INFO ActionCommandManager] Register action command extension for command warning
[2026-09-21 13:34:26Z INFO ActionCommandManager] Register action command extension for command error
[2026-09-21 13:34:26Z INFO ActionCommandManager] Register action command extension for command notice
[2026-09-21 13:34:26Z INFO ActionCommandManager] Register action command extension for command debug
[2026-09-21 13:34:26Z INFO ActionCommandManager] Register action command extension for command group
[2026-09-21 13:34:26Z INFO ActionCommandManager] Register action command extension for command endgroup
[2026-09-21 13:34:26Z INFO ActionCommandManager] Register action command extension for command echo
[2026-09-21 13:34:26Z INFO ScriptHandler] Which2: 'pwsh'
[2026-09-21 13:34:26Z INFO ScriptHandler] Location: 'C:\Program Files\PowerShell\7\pwsh.EXE'
[2026-09-21 13:34:26Z INFO HostContext] Well known directory 'Bin': 'C:\Users\SHAIKH SALAHUDDIN\OneDrive - Noventiq Global AI Solutions Private Limited\Desktop\app service\gha\bin'
[2026-09-21 13:34:26Z INFO HostContext] Well known directory 'Root': 'C:\Users\SHAIKH SALAHUDDIN\OneDrive - Noventiq Global AI Solutions Private Limited\Desktop\app service\gha'
[2026-09-21 13:34:26Z INFO HostContext] Well known directory 'Work': 'C:\Users\SHAIKH SALAHUDDIN\OneDrive - Noventiq Global AI Solutions Private Limited\Desktop\app service\gha\_work'
[2026-09-21 13:34:26Z INFO HostContext] Well known directory 'Temp': 'C:\Users\SHAIKH SALAHUDDIN\OneDrive - Noventiq Global AI Solutions Private Limited\Desktop\app service\gha\_work\_temp'
[2026-09-21 13:34:26Z INFO ScriptHandler] Which2: 'pwsh'
[2026-09-21 13:34:26Z INFO ScriptHandler] Location: 'C:\Program Files\PowerShell\7\pwsh.EXE'
[2026-09-21 13:34:26Z INFO ProcessInvokerWrapper] Starting process:
[2026-09-21 13:34:26Z INFO ProcessInvokerWrapper]   File name: 'C:\Program Files\PowerShell\7\pwsh.EXE'
[2026-09-21 13:34:26Z INFO ProcessInvokerWrapper]   Arguments: '-command ". 'C:\Users\SHAIKH SALAHUDDIN\OneDrive - Noventiq Global AI Solutions Private Limited\Desktop\app service\gha\_work\_temp\f1356a85-5743-4eac-85cf-be5450364344.ps1'"'
[2026-09-21 13:34:26Z INFO ProcessInvokerWrapper]   Working directory: 'C:\Users\SHAIKH SALAHUDDIN\OneDrive - Noventiq Global AI Solutions Private Limited\Desktop\app service\gha\_work\helm-actions-\helm-actions-'
[2026-09-21 13:34:26Z INFO ProcessInvokerWrapper]   Require exit code zero: 'False'
[2026-09-21 13:34:26Z INFO ProcessInvokerWrapper]   Encoding web name:  ; code page: ''
[2026-09-21 13:34:26Z INFO ProcessInvokerWrapper]   Force kill process on cancellation: 'False'
[2026-09-21 13:34:26Z INFO ProcessInvokerWrapper]   Redirected STDIN: 'False'
[2026-09-21 13:34:26Z INFO ProcessInvokerWrapper]   Persist current code page: 'True'
[2026-09-21 13:34:26Z INFO ProcessInvokerWrapper]   Keep redirected STDIN open: 'False'
[2026-09-21 13:34:26Z INFO ProcessInvokerWrapper]   High priority process: 'False'
[2026-09-21 13:34:26Z INFO ProcessInvokerWrapper] Process started with process id 31640, waiting for process exit.
[2026-09-21 13:34:26Z INFO JobServerQueue] Try to upload 2 log files or attachments, success rate: 2/2.
[2026-09-21 13:34:26Z INFO JobServerQueue] Got a step log file to send to results service.
[2026-09-21 13:34:26Z INFO JobServerQueue] Starting upload of step log file to results service ResultsLog, C:\Users\SHAIKH SALAHUDDIN\OneDrive - Noventiq Global AI Solutions Private Limited\Desktop\app service\gha\_diag\blocks\039bac7c-49f1-4ffa-b607-35bd5e6d47b2_0d6b068b-717a-4e2f-ad92-5b82eb43e13b.1
[2026-09-21 13:34:26Z INFO JobServerQueue] Try to append 1 batches web console lines for record 'beb7ec9c-a653-492a-a7c7-b8456b41cc11', success rate: 1/1.
[2026-09-21 13:34:26Z INFO JobServerQueue] Try to append 1 batches web console lines for record '9fbb3eed-6b2a-42f4-b91f-65852ed4ad66', success rate: 1/1.
[2026-09-21 13:34:27Z INFO JobServerQueue] Job timeline record has been updated for the first time.
[2026-09-21 13:34:27Z INFO JobServerQueue] Try to append 1 batches web console lines for record '9fbb3eed-6b2a-42f4-b91f-65852ed4ad66', success rate: 1/1.
[2026-09-21 13:34:27Z INFO ProcessInvokerWrapper] STDOUT/STDERR stream read finished.
[2026-09-21 13:34:27Z INFO ProcessInvokerWrapper] STDOUT/STDERR stream read finished.
[2026-09-21 13:34:27Z INFO ProcessInvokerWrapper] Finished process 31640 with exit code 0, and elapsed time 00:00:00.5137879.
[2026-09-21 13:34:27Z INFO CreateStepSummaryCommand] Step Summary file (C:\Users\SHAIKH SALAHUDDIN\OneDrive - Noventiq Global AI Solutions Private Limited\Desktop\app service\gha\_work\_temp\_runner_file_commands\step_summary_32a05c7a-092d-4f18-a0bb-e4c00a27baa2) is empty; skipping attachment upload
[2026-09-21 13:34:27Z INFO StepsRunner] Step result: 
[2026-09-21 13:34:27Z INFO ExecutionContext] Publish step telemetry for current step {
  "action": "pwsh",
  "type": "run",
  "stage": "Main",
  "stepId": "9fbb3eed-6b2a-42f4-b91f-65852ed4ad66",
  "stepContextName": "__run_2",
  "result": "succeeded",
  "errorMessages": [],
  "executionTimeInSeconds": 1,
  "startTime": "2026-09-21T13:34:26.6217448Z",
  "finishTime": "2026-09-21T13:34:27.1661769Z"
}.
[2026-09-21 13:34:27Z INFO StepsRunner] No need for updating job result with current step result 'Succeeded'.
[2026-09-21 13:34:27Z INFO StepsRunner] Current state: job state = ''
[2026-09-21 13:34:27Z INFO StepsRunner] Processing step: DisplayName='Update Helm repositories'
[2026-09-21 13:34:27Z INFO StepsRunner] Evaluating: success()
[2026-09-21 13:34:27Z INFO StepsRunner] Result: true
[2026-09-21 13:34:27Z INFO StepsRunner] Starting the step.
[2026-09-21 13:34:27Z INFO HostContext] Well known directory 'Bin': 'C:\Users\SHAIKH SALAHUDDIN\OneDrive - Noventiq Global AI Solutions Private Limited\Desktop\app service\gha\bin'
[2026-09-21 13:34:27Z INFO HostContext] Well known directory 'Root': 'C:\Users\SHAIKH SALAHUDDIN\OneDrive - Noventiq Global AI Solutions Private Limited\Desktop\app service\gha'
[2026-09-21 13:34:27Z INFO HostContext] Well known directory 'Work': 'C:\Users\SHAIKH SALAHUDDIN\OneDrive - Noventiq Global AI Solutions Private Limited\Desktop\app service\gha\_work'
[2026-09-21 13:34:27Z INFO StepsRunner] Which2: 'chcp'
[2026-09-21 13:34:27Z INFO StepsRunner] Location: 'C:\Windows\system32\chcp.COM'
[2026-09-21 13:34:27Z INFO ProcessInvokerWrapper] Starting process:
[2026-09-21 13:34:27Z INFO ProcessInvokerWrapper]   File name: 'C:\Windows\system32\chcp.COM'
[2026-09-21 13:34:27Z INFO ProcessInvokerWrapper]   Arguments: '65001'
[2026-09-21 13:34:27Z INFO ProcessInvokerWrapper]   Working directory: 'C:\Users\SHAIKH SALAHUDDIN\OneDrive - Noventiq Global AI Solutions Private Limited\Desktop\app service\gha\_work'
[2026-09-21 13:34:27Z INFO ProcessInvokerWrapper]   Require exit code zero: 'False'
[2026-09-21 13:34:27Z INFO ProcessInvokerWrapper]   Encoding web name:  ; code page: ''
[2026-09-21 13:34:27Z INFO ProcessInvokerWrapper]   Force kill process on cancellation: 'False'
[2026-09-21 13:34:27Z INFO ProcessInvokerWrapper]   Redirected STDIN: 'False'
[2026-09-21 13:34:27Z INFO ProcessInvokerWrapper]   Persist current code page: 'True'
[2026-09-21 13:34:27Z INFO ProcessInvokerWrapper]   Keep redirected STDIN open: 'False'
[2026-09-21 13:34:27Z INFO ProcessInvokerWrapper]   High priority process: 'False'
[2026-09-21 13:34:27Z INFO ProcessInvokerWrapper] Process started with process id 16116, waiting for process exit.
[2026-09-21 13:34:27Z INFO ProcessInvokerWrapper] STDOUT/STDERR stream read finished.
[2026-09-21 13:34:27Z INFO ProcessInvokerWrapper] STDOUT/STDERR stream read finished.
[2026-09-21 13:34:27Z INFO ProcessInvokerWrapper] Finished process 16116 with exit code 0, and elapsed time 00:00:00.0096963.
[2026-09-21 13:34:27Z INFO StepsRunner] Successfully returned to code page 65001 (UTF8)
[2026-09-21 13:34:27Z INFO HostContext] Well known directory 'Bin': 'C:\Users\SHAIKH SALAHUDDIN\OneDrive - Noventiq Global AI Solutions Private Limited\Desktop\app service\gha\bin'
[2026-09-21 13:34:27Z INFO HostContext] Well known directory 'Root': 'C:\Users\SHAIKH SALAHUDDIN\OneDrive - Noventiq Global AI Solutions Private Limited\Desktop\app service\gha'
[2026-09-21 13:34:27Z INFO HostContext] Well known directory 'Work': 'C:\Users\SHAIKH SALAHUDDIN\OneDrive - Noventiq Global AI Solutions Private Limited\Desktop\app service\gha\_work'
[2026-09-21 13:34:27Z INFO HostContext] Well known directory 'Temp': 'C:\Users\SHAIKH SALAHUDDIN\OneDrive - Noventiq Global AI Solutions Private Limited\Desktop\app service\gha\_work\_temp'
[2026-09-21 13:34:27Z INFO ExecutionContext] Write event payload to C:\Users\SHAIKH SALAHUDDIN\OneDrive - Noventiq Global AI Solutions Private Limited\Desktop\app service\gha\_work\_temp\_github_workflow\event.json
[2026-09-21 13:34:27Z INFO HostContext] Well known directory 'Bin': 'C:\Users\SHAIKH SALAHUDDIN\OneDrive - Noventiq Global AI Solutions Private Limited\Desktop\app service\gha\bin'
[2026-09-21 13:34:27Z INFO HostContext] Well known directory 'Root': 'C:\Users\SHAIKH SALAHUDDIN\OneDrive - Noventiq Global AI Solutions Private Limited\Desktop\app service\gha'
[2026-09-21 13:34:27Z INFO HostContext] Well known directory 'Work': 'C:\Users\SHAIKH SALAHUDDIN\OneDrive - Noventiq Global AI Solutions Private Limited\Desktop\app service\gha\_work'
[2026-09-21 13:34:27Z INFO HostContext] Well known directory 'Temp': 'C:\Users\SHAIKH SALAHUDDIN\OneDrive - Noventiq Global AI Solutions Private Limited\Desktop\app service\gha\_work\_temp'
[2026-09-21 13:34:27Z INFO ExtensionManager] Getting extensions for interface: 'GitHub.Runner.Worker.IFileCommandExtension'
[2026-09-21 13:34:27Z INFO ExtensionManager] Getting extensions for interface: 'GitHub.Runner.Worker.IActionCommandExtension'
[2026-09-21 13:34:27Z INFO ActionCommandManager] Register action command extension for command internal-set-repo-path
[2026-09-21 13:34:27Z INFO ActionCommandManager] Register action command extension for command set-env
[2026-09-21 13:34:27Z INFO ActionCommandManager] Register action command extension for command set-output
[2026-09-21 13:34:27Z INFO ActionCommandManager] Register action command extension for command save-state
[2026-09-21 13:34:27Z INFO ActionCommandManager] Register action command extension for command add-path
[2026-09-21 13:34:27Z INFO ActionCommandManager] Register action command extension for command add-mask
[2026-09-21 13:34:27Z INFO ActionCommandManager] Register action command extension for command add-matcher
[2026-09-21 13:34:27Z INFO ActionCommandManager] Register action command extension for command remove-matcher
[2026-09-21 13:34:27Z INFO ActionCommandManager] Register action command extension for command warning
[2026-09-21 13:34:27Z INFO ActionCommandManager] Register action command extension for command error
[2026-09-21 13:34:27Z INFO ActionCommandManager] Register action command extension for command notice
[2026-09-21 13:34:27Z INFO ActionCommandManager] Register action command extension for command debug
[2026-09-21 13:34:27Z INFO ActionCommandManager] Register action command extension for command group
[2026-09-21 13:34:27Z INFO ActionCommandManager] Register action command extension for command endgroup
[2026-09-21 13:34:27Z INFO ActionCommandManager] Register action command extension for command echo
[2026-09-21 13:34:27Z INFO ScriptHandler] Which2: 'pwsh'
[2026-09-21 13:34:27Z INFO ScriptHandler] Location: 'C:\Program Files\PowerShell\7\pwsh.EXE'
[2026-09-21 13:34:27Z INFO HostContext] Well known directory 'Bin': 'C:\Users\SHAIKH SALAHUDDIN\OneDrive - Noventiq Global AI Solutions Private Limited\Desktop\app service\gha\bin'
[2026-09-21 13:34:27Z INFO HostContext] Well known directory 'Root': 'C:\Users\SHAIKH SALAHUDDIN\OneDrive - Noventiq Global AI Solutions Private Limited\Desktop\app service\gha'
[2026-09-21 13:34:27Z INFO HostContext] Well known directory 'Work': 'C:\Users\SHAIKH SALAHUDDIN\OneDrive - Noventiq Global AI Solutions Private Limited\Desktop\app service\gha\_work'
[2026-09-21 13:34:27Z INFO HostContext] Well known directory 'Temp': 'C:\Users\SHAIKH SALAHUDDIN\OneDrive - Noventiq Global AI Solutions Private Limited\Desktop\app service\gha\_work\_temp'
[2026-09-21 13:34:27Z INFO ScriptHandler] Which2: 'pwsh'
[2026-09-21 13:34:27Z INFO ScriptHandler] Location: 'C:\Program Files\PowerShell\7\pwsh.EXE'
[2026-09-21 13:34:27Z INFO ProcessInvokerWrapper] Starting process:
[2026-09-21 13:34:27Z INFO ProcessInvokerWrapper]   File name: 'C:\Program Files\PowerShell\7\pwsh.EXE'
[2026-09-21 13:34:27Z INFO ProcessInvokerWrapper]   Arguments: '-command ". 'C:\Users\SHAIKH SALAHUDDIN\OneDrive - Noventiq Global AI Solutions Private Limited\Desktop\app service\gha\_work\_temp\9121bc1b-208b-4b48-b58c-30d854973add.ps1'"'
[2026-09-21 13:34:27Z INFO ProcessInvokerWrapper]   Working directory: 'C:\Users\SHAIKH SALAHUDDIN\OneDrive - Noventiq Global AI Solutions Private Limited\Desktop\app service\gha\_work\helm-actions-\helm-actions-'
[2026-09-21 13:34:27Z INFO ProcessInvokerWrapper]   Require exit code zero: 'False'
[2026-09-21 13:34:27Z INFO ProcessInvokerWrapper]   Encoding web name:  ; code page: ''
[2026-09-21 13:34:27Z INFO ProcessInvokerWrapper]   Force kill process on cancellation: 'False'
[2026-09-21 13:34:27Z INFO ProcessInvokerWrapper]   Redirected STDIN: 'False'
[2026-09-21 13:34:27Z INFO ProcessInvokerWrapper]   Persist current code page: 'True'
[2026-09-21 13:34:27Z INFO ProcessInvokerWrapper]   Keep redirected STDIN open: 'False'
[2026-09-21 13:34:27Z INFO ProcessInvokerWrapper]   High priority process: 'False'
[2026-09-21 13:34:27Z INFO ProcessInvokerWrapper] Process started with process id 11376, waiting for process exit.
[2026-09-21 13:34:27Z INFO JobServerQueue] Try to append 1 batches web console lines for record '6cf4e9f0-643f-4a37-a9e6-82531235636a', success rate: 1/1.
[2026-09-21 13:34:27Z INFO JobServerQueue] Try to upload 1 log files or attachments, success rate: 1/1.
[2026-09-21 13:34:27Z INFO JobServerQueue] Try to append 1 batches web console lines for record '6cf4e9f0-643f-4a37-a9e6-82531235636a', success rate: 1/1.
[2026-09-21 13:34:28Z INFO JobServerQueue] Got a step log file to send to results service.
[2026-09-21 13:34:28Z INFO JobServerQueue] Starting upload of step log file to results service ResultsLog, C:\Users\SHAIKH SALAHUDDIN\OneDrive - Noventiq Global AI Solutions Private Limited\Desktop\app service\gha\_diag\blocks\039bac7c-49f1-4ffa-b607-35bd5e6d47b2_beb7ec9c-a653-492a-a7c7-b8456b41cc11.1
[2026-09-21 13:34:28Z INFO JobServerQueue] Try to append 1 batches web console lines for record '6cf4e9f0-643f-4a37-a9e6-82531235636a', success rate: 1/1.
[2026-09-21 13:34:29Z INFO JobServerQueue] Tried to upload 2 file(s) to results, success rate: 2/2.
[2026-09-21 13:34:30Z INFO JobServerQueue] Got a step log file to send to results service.
[2026-09-21 13:34:30Z INFO JobServerQueue] Starting upload of step log file to results service ResultsLog, C:\Users\SHAIKH SALAHUDDIN\OneDrive - Noventiq Global AI Solutions Private Limited\Desktop\app service\gha\_diag\blocks\039bac7c-49f1-4ffa-b607-35bd5e6d47b2_9fbb3eed-6b2a-42f4-b91f-65852ed4ad66.1
[2026-09-21 13:34:31Z INFO JobServerQueue] Tried to upload 1 file(s) to results, success rate: 1/1.
[2026-09-21 13:34:31Z INFO ProcessInvokerWrapper] STDOUT/STDERR stream read finished.
[2026-09-21 13:34:31Z INFO ProcessInvokerWrapper] STDOUT/STDERR stream read finished.
[2026-09-21 13:34:31Z INFO ProcessInvokerWrapper] Finished process 11376 with exit code 0, and elapsed time 00:00:03.9424851.
[2026-09-21 13:34:31Z INFO CreateStepSummaryCommand] Step Summary file (C:\Users\SHAIKH SALAHUDDIN\OneDrive - Noventiq Global AI Solutions Private Limited\Desktop\app service\gha\_work\_temp\_runner_file_commands\step_summary_f08bcc34-99c9-4810-878a-c3b79e403abb) is empty; skipping attachment upload
[2026-09-21 13:34:31Z INFO StepsRunner] Step result: 
[2026-09-21 13:34:31Z INFO ExecutionContext] Publish step telemetry for current step {
  "action": "pwsh",
  "type": "run",
  "stage": "Main",
  "stepId": "6cf4e9f0-643f-4a37-a9e6-82531235636a",
  "stepContextName": "__run_3",
  "result": "succeeded",
  "errorMessages": [],
  "executionTimeInSeconds": 4,
  "startTime": "2026-09-21T13:34:27.1679614Z",
  "finishTime": "2026-09-21T13:34:31.1412033Z"
}.
[2026-09-21 13:34:31Z INFO StepsRunner] No need for updating job result with current step result 'Succeeded'.
[2026-09-21 13:34:31Z INFO StepsRunner] Current state: job state = ''
[2026-09-21 13:34:31Z INFO StepsRunner] Processing step: DisplayName='Deploy NGINX'
[2026-09-21 13:34:31Z INFO StepsRunner] Evaluating: success()
[2026-09-21 13:34:31Z INFO StepsRunner] Result: true
[2026-09-21 13:34:31Z INFO StepsRunner] Starting the step.
[2026-09-21 13:34:31Z INFO HostContext] Well known directory 'Bin': 'C:\Users\SHAIKH SALAHUDDIN\OneDrive - Noventiq Global AI Solutions Private Limited\Desktop\app service\gha\bin'
[2026-09-21 13:34:31Z INFO HostContext] Well known directory 'Root': 'C:\Users\SHAIKH SALAHUDDIN\OneDrive - Noventiq Global AI Solutions Private Limited\Desktop\app service\gha'
[2026-09-21 13:34:31Z INFO HostContext] Well known directory 'Work': 'C:\Users\SHAIKH SALAHUDDIN\OneDrive - Noventiq Global AI Solutions Private Limited\Desktop\app service\gha\_work'
[2026-09-21 13:34:31Z INFO StepsRunner] Which2: 'chcp'
[2026-09-21 13:34:31Z INFO StepsRunner] Location: 'C:\Windows\system32\chcp.COM'
[2026-09-21 13:34:31Z INFO ProcessInvokerWrapper] Starting process:
[2026-09-21 13:34:31Z INFO ProcessInvokerWrapper]   File name: 'C:\Windows\system32\chcp.COM'
[2026-09-21 13:34:31Z INFO ProcessInvokerWrapper]   Arguments: '65001'
[2026-09-21 13:34:31Z INFO ProcessInvokerWrapper]   Working directory: 'C:\Users\SHAIKH SALAHUDDIN\OneDrive - Noventiq Global AI Solutions Private Limited\Desktop\app service\gha\_work'
[2026-09-21 13:34:31Z INFO ProcessInvokerWrapper]   Require exit code zero: 'False'
[2026-09-21 13:34:31Z INFO ProcessInvokerWrapper]   Encoding web name:  ; code page: ''
[2026-09-21 13:34:31Z INFO ProcessInvokerWrapper]   Force kill process on cancellation: 'False'
[2026-09-21 13:34:31Z INFO ProcessInvokerWrapper]   Redirected STDIN: 'False'
[2026-09-21 13:34:31Z INFO ProcessInvokerWrapper]   Persist current code page: 'True'
[2026-09-21 13:34:31Z INFO ProcessInvokerWrapper]   Keep redirected STDIN open: 'False'
[2026-09-21 13:34:31Z INFO ProcessInvokerWrapper]   High priority process: 'False'
[2026-09-21 13:34:31Z INFO ProcessInvokerWrapper] Process started with process id 3424, waiting for process exit.
[2026-09-21 13:34:31Z INFO ProcessInvokerWrapper] STDOUT/STDERR stream read finished.
[2026-09-21 13:34:31Z INFO ProcessInvokerWrapper] STDOUT/STDERR stream read finished.
[2026-09-21 13:34:31Z INFO ProcessInvokerWrapper] Finished process 3424 with exit code 0, and elapsed time 00:00:00.0109207.
[2026-09-21 13:34:31Z INFO StepsRunner] Successfully returned to code page 65001 (UTF8)
[2026-09-21 13:34:31Z INFO HostContext] Well known directory 'Bin': 'C:\Users\SHAIKH SALAHUDDIN\OneDrive - Noventiq Global AI Solutions Private Limited\Desktop\app service\gha\bin'
[2026-09-21 13:34:31Z INFO HostContext] Well known directory 'Root': 'C:\Users\SHAIKH SALAHUDDIN\OneDrive - Noventiq Global AI Solutions Private Limited\Desktop\app service\gha'
[2026-09-21 13:34:31Z INFO HostContext] Well known directory 'Work': 'C:\Users\SHAIKH SALAHUDDIN\OneDrive - Noventiq Global AI Solutions Private Limited\Desktop\app service\gha\_work'
[2026-09-21 13:34:31Z INFO HostContext] Well known directory 'Temp': 'C:\Users\SHAIKH SALAHUDDIN\OneDrive - Noventiq Global AI Solutions Private Limited\Desktop\app service\gha\_work\_temp'
[2026-09-21 13:34:31Z INFO ExecutionContext] Write event payload to C:\Users\SHAIKH SALAHUDDIN\OneDrive - Noventiq Global AI Solutions Private Limited\Desktop\app service\gha\_work\_temp\_github_workflow\event.json
[2026-09-21 13:34:31Z INFO HostContext] Well known directory 'Bin': 'C:\Users\SHAIKH SALAHUDDIN\OneDrive - Noventiq Global AI Solutions Private Limited\Desktop\app service\gha\bin'
[2026-09-21 13:34:31Z INFO HostContext] Well known directory 'Root': 'C:\Users\SHAIKH SALAHUDDIN\OneDrive - Noventiq Global AI Solutions Private Limited\Desktop\app service\gha'
[2026-09-21 13:34:31Z INFO HostContext] Well known directory 'Work': 'C:\Users\SHAIKH SALAHUDDIN\OneDrive - Noventiq Global AI Solutions Private Limited\Desktop\app service\gha\_work'
[2026-09-21 13:34:31Z INFO HostContext] Well known directory 'Temp': 'C:\Users\SHAIKH SALAHUDDIN\OneDrive - Noventiq Global AI Solutions Private Limited\Desktop\app service\gha\_work\_temp'
[2026-09-21 13:34:31Z INFO ExtensionManager] Getting extensions for interface: 'GitHub.Runner.Worker.IFileCommandExtension'
[2026-09-21 13:34:31Z INFO ExtensionManager] Getting extensions for interface: 'GitHub.Runner.Worker.IActionCommandExtension'
[2026-09-21 13:34:31Z INFO ActionCommandManager] Register action command extension for command internal-set-repo-path
[2026-09-21 13:34:31Z INFO ActionCommandManager] Register action command extension for command set-env
[2026-09-21 13:34:31Z INFO ActionCommandManager] Register action command extension for command set-output
[2026-09-21 13:34:31Z INFO ActionCommandManager] Register action command extension for command save-state
[2026-09-21 13:34:31Z INFO ActionCommandManager] Register action command extension for command add-path
[2026-09-21 13:34:31Z INFO ActionCommandManager] Register action command extension for command add-mask
[2026-09-21 13:34:31Z INFO ActionCommandManager] Register action command extension for command add-matcher
[2026-09-21 13:34:31Z INFO ActionCommandManager] Register action command extension for command remove-matcher
[2026-09-21 13:34:31Z INFO ActionCommandManager] Register action command extension for command warning
[2026-09-21 13:34:31Z INFO ActionCommandManager] Register action command extension for command error
[2026-09-21 13:34:31Z INFO ActionCommandManager] Register action command extension for command notice
[2026-09-21 13:34:31Z INFO ActionCommandManager] Register action command extension for command debug
[2026-09-21 13:34:31Z INFO ActionCommandManager] Register action command extension for command group
[2026-09-21 13:34:31Z INFO ActionCommandManager] Register action command extension for command endgroup
[2026-09-21 13:34:31Z INFO ActionCommandManager] Register action command extension for command echo
[2026-09-21 13:34:31Z INFO ScriptHandler] Which2: 'pwsh'
[2026-09-21 13:34:31Z INFO ScriptHandler] Location: 'C:\Program Files\PowerShell\7\pwsh.EXE'
[2026-09-21 13:34:31Z INFO HostContext] Well known directory 'Bin': 'C:\Users\SHAIKH SALAHUDDIN\OneDrive - Noventiq Global AI Solutions Private Limited\Desktop\app service\gha\bin'
[2026-09-21 13:34:31Z INFO HostContext] Well known directory 'Root': 'C:\Users\SHAIKH SALAHUDDIN\OneDrive - Noventiq Global AI Solutions Private Limited\Desktop\app service\gha'
[2026-09-21 13:34:31Z INFO HostContext] Well known directory 'Work': 'C:\Users\SHAIKH SALAHUDDIN\OneDrive - Noventiq Global AI Solutions Private Limited\Desktop\app service\gha\_work'
[2026-09-21 13:34:31Z INFO HostContext] Well known directory 'Temp': 'C:\Users\SHAIKH SALAHUDDIN\OneDrive - Noventiq Global AI Solutions Private Limited\Desktop\app service\gha\_work\_temp'
[2026-09-21 13:34:31Z INFO ScriptHandler] Which2: 'pwsh'
[2026-09-21 13:34:31Z INFO ScriptHandler] Location: 'C:\Program Files\PowerShell\7\pwsh.EXE'
[2026-09-21 13:34:31Z INFO ProcessInvokerWrapper] Starting process:
[2026-09-21 13:34:31Z INFO ProcessInvokerWrapper]   File name: 'C:\Program Files\PowerShell\7\pwsh.EXE'
[2026-09-21 13:34:31Z INFO ProcessInvokerWrapper]   Arguments: '-command ". 'C:\Users\SHAIKH SALAHUDDIN\OneDrive - Noventiq Global AI Solutions Private Limited\Desktop\app service\gha\_work\_temp\eae65339-57c3-4eb8-8205-d7c60563eab5.ps1'"'
[2026-09-21 13:34:31Z INFO ProcessInvokerWrapper]   Working directory: 'C:\Users\SHAIKH SALAHUDDIN\OneDrive - Noventiq Global AI Solutions Private Limited\Desktop\app service\gha\_work\helm-actions-\helm-actions-'
[2026-09-21 13:34:31Z INFO ProcessInvokerWrapper]   Require exit code zero: 'False'
[2026-09-21 13:34:31Z INFO ProcessInvokerWrapper]   Encoding web name:  ; code page: ''
[2026-09-21 13:34:31Z INFO ProcessInvokerWrapper]   Force kill process on cancellation: 'False'
[2026-09-21 13:34:31Z INFO ProcessInvokerWrapper]   Redirected STDIN: 'False'
[2026-09-21 13:34:31Z INFO ProcessInvokerWrapper]   Persist current code page: 'True'
[2026-09-21 13:34:31Z INFO ProcessInvokerWrapper]   Keep redirected STDIN open: 'False'
[2026-09-21 13:34:31Z INFO ProcessInvokerWrapper]   High priority process: 'False'
[2026-09-21 13:34:31Z INFO JobServerQueue] Try to append 1 batches web console lines for record '6cf4e9f0-643f-4a37-a9e6-82531235636a', success rate: 1/1.
[2026-09-21 13:34:31Z INFO JobServerQueue] Try to append 1 batches web console lines for record '8fd2d679-392c-44fa-95f4-00c17f059681', success rate: 1/1.
[2026-09-21 13:34:31Z INFO ProcessInvokerWrapper] Process started with process id 30420, waiting for process exit.
[2026-09-21 13:34:31Z INFO JobServerQueue] Try to append 1 batches web console lines for record '8fd2d679-392c-44fa-95f4-00c17f059681', success rate: 1/1.
[2026-09-21 13:34:31Z INFO JobServerQueue] Try to upload 1 log files or attachments, success rate: 1/1.
[2026-09-21 13:34:32Z INFO JobServerQueue] Got a step log file to send to results service.
[2026-09-21 13:34:32Z INFO JobServerQueue] Starting upload of step log file to results service ResultsLog, C:\Users\SHAIKH SALAHUDDIN\OneDrive - Noventiq Global AI Solutions Private Limited\Desktop\app service\gha\_diag\blocks\039bac7c-49f1-4ffa-b607-35bd5e6d47b2_6cf4e9f0-643f-4a37-a9e6-82531235636a.1
[2026-09-21 13:34:32Z INFO JobServerQueue] Try to append 1 batches web console lines for record '8fd2d679-392c-44fa-95f4-00c17f059681', success rate: 1/1.
[2026-09-21 13:34:32Z INFO ProcessInvokerWrapper] STDOUT/STDERR stream read finished.
[2026-09-21 13:34:32Z INFO ProcessInvokerWrapper] STDOUT/STDERR stream read finished.
[2026-09-21 13:34:32Z INFO ProcessInvokerWrapper] Finished process 30420 with exit code 1, and elapsed time 00:00:01.1482588.
[2026-09-21 13:34:32Z INFO CreateStepSummaryCommand] Step Summary file (C:\Users\SHAIKH SALAHUDDIN\OneDrive - Noventiq Global AI Solutions Private Limited\Desktop\app service\gha\_work\_temp\_runner_file_commands\step_summary_f7a03c34-8723-4e05-bb96-d628956cb774) is empty; skipping attachment upload
[2026-09-21 13:34:32Z INFO StepsRunner] Step result: Failed
[2026-09-21 13:34:32Z INFO ExecutionContext] Publish step telemetry for current step {
  "action": "pwsh",
  "type": "run",
  "stage": "Main",
  "stepId": "8fd2d679-392c-44fa-95f4-00c17f059681",
  "stepContextName": "__run_4",
  "result": "failed",
  "errorMessages": [
    "Process completed with exit code 1."
  ],
  "executionTimeInSeconds": 2,
  "startTime": "2026-09-21T13:34:31.1423612Z",
  "finishTime": "2026-09-21T13:34:32.3257576Z"
}.
[2026-09-21 13:34:32Z INFO StepsRunner] Update job result with current step result 'Failed'.
[2026-09-21 13:34:32Z INFO StepsRunner] Current state: job state = 'Failed'
[2026-09-21 13:34:32Z INFO StepsRunner] Processing step: DisplayName='Check NGINX pods'
[2026-09-21 13:34:32Z INFO StepsRunner] Evaluating: success()
[2026-09-21 13:34:32Z INFO StepsRunner] Result: false
[2026-09-21 13:34:32Z INFO StepsRunner] Skipping step due to condition evaluation.
[2026-09-21 13:34:32Z INFO StepsRunner] No need for updating job result with current step result 'Skipped'.
[2026-09-21 13:34:32Z INFO StepsRunner] Current state: job state = 'Failed'
[2026-09-21 13:34:32Z INFO StepsRunner] Processing step: DisplayName='Check NGINX service'
[2026-09-21 13:34:32Z INFO StepsRunner] Evaluating: success()
[2026-09-21 13:34:32Z INFO StepsRunner] Result: false
[2026-09-21 13:34:32Z INFO StepsRunner] Skipping step due to condition evaluation.
[2026-09-21 13:34:32Z INFO StepsRunner] No need for updating job result with current step result 'Skipped'.
[2026-09-21 13:34:32Z INFO StepsRunner] Current state: job state = 'Failed'
[2026-09-21 13:34:32Z INFO JobRunner] Finalize job.
[2026-09-21 13:34:32Z INFO HostContext] Well known directory 'Bin': 'C:\Users\SHAIKH SALAHUDDIN\OneDrive - Noventiq Global AI Solutions Private Limited\Desktop\app service\gha\bin'
[2026-09-21 13:34:32Z INFO HostContext] Well known directory 'Root': 'C:\Users\SHAIKH SALAHUDDIN\OneDrive - Noventiq Global AI Solutions Private Limited\Desktop\app service\gha'
[2026-09-21 13:34:32Z INFO HostContext] Well known directory 'Diag': 'C:\Users\SHAIKH SALAHUDDIN\OneDrive - Noventiq Global AI Solutions Private Limited\Desktop\app service\gha\_diag'
[2026-09-21 13:34:32Z INFO HostContext] Well known directory 'Bin': 'C:\Users\SHAIKH SALAHUDDIN\OneDrive - Noventiq Global AI Solutions Private Limited\Desktop\app service\gha\bin'
[2026-09-21 13:34:32Z INFO HostContext] Well known directory 'Root': 'C:\Users\SHAIKH SALAHUDDIN\OneDrive - Noventiq Global AI Solutions Private Limited\Desktop\app service\gha'
[2026-09-21 13:34:32Z INFO HostContext] Well known directory 'Diag': 'C:\Users\SHAIKH SALAHUDDIN\OneDrive - Noventiq Global AI Solutions Private Limited\Desktop\app service\gha\_diag'
[2026-09-21 13:34:32Z INFO JobExtension] Initialize Env context
[2026-09-21 13:34:32Z INFO JobExtension] Initialize steps context
[2026-09-21 13:34:32Z INFO JobExtension] Total accessible running process: 386.
[2026-09-21 13:34:32Z INFO JobExtension] Inspecting process environment variables. PID: 14652 (SearchProtocolHost)
[2026-09-21 13:34:32Z WARN JobExtension] Ignore exception during read process environment variables: Access is denied.
[2026-09-21 13:34:32Z INFO JobExtension] Inspecting process environment variables. PID: 35128 (docker)
[2026-09-21 13:34:32Z INFO JobExtension] Inspecting process environment variables. PID: 2128 (conhost)
[2026-09-21 13:34:32Z INFO JobExtension] Wait for all connectivity checks to finish.
[2026-09-21 13:34:32Z INFO JobExtension] Connectivity check result: {
  "endpointUrl": "https://broker.actions.githubusercontent.com/health",
  "endpointIPs": null,
  "startTime": "2026-09-21T13:34:25.8247763Z",
  "statusCode": "http_OK",
  "requestId": "ED90:1EBDCD:C39A32:C98981:6AB13261",
  "httpRequestDurationInMs": 732,
  "dnsResolutionDurationInMs": 0,
  "dnsError": null
}
[2026-09-21 13:34:32Z INFO JobExtension] Connectivity check result: {
  "endpointUrl": "https://token.actions.githubusercontent.com/ready",
  "endpointIPs": null,
  "startTime": "2026-09-21T13:34:25.829402Z",
  "statusCode": "http_NoContent",
  "requestId": "ED8F:38A40A:2AD6C85:2EFA02B:6AB13261",
  "httpRequestDurationInMs": 746,
  "dnsResolutionDurationInMs": 0,
  "dnsError": null
}
[2026-09-21 13:34:32Z INFO JobExtension] Connectivity check result: {
  "endpointUrl": "https://run.actions.githubusercontent.com/health",
  "endpointIPs": null,
  "startTime": "2026-09-21T13:34:25.8296993Z",
  "statusCode": "http_OK",
  "requestId": "ED91:23E305:C1FE9A:C7EDBE:6AB13261",
  "httpRequestDurationInMs": 752,
  "dnsResolutionDurationInMs": 0,
  "dnsError": null
}
[2026-09-21 13:34:32Z INFO ExecutionContext] Publish step telemetry for current step {
  "action": "complete_job",
  "type": "runner",
  "stage": "Post",
  "stepId": "4eb13648-6f05-42ee-a672-c207084aad8d",
  "result": "succeeded",
  "errorMessages": [],
  "executionTimeInSeconds": 1,
  "startTime": "2026-09-21T13:34:32.3416382Z",
  "finishTime": "2026-09-21T13:34:32.4268474Z"
}.
[2026-09-21 13:34:32Z INFO JobRunner] Job result after all job steps finish: Failed
[2026-09-21 13:34:32Z INFO JobRunner] Completing the job execution context.
[2026-09-21 13:34:32Z INFO JobRunner] Shutting down the job server queue.
[2026-09-21 13:34:32Z INFO JobServerQueue] Fire signal to shutdown all queues.
[2026-09-21 13:34:32Z INFO JobServerQueue] Tried to upload 1 file(s) to results, success rate: 1/1.
[2026-09-21 13:34:33Z INFO JobServerQueue] All queue process task stopped.
[2026-09-21 13:34:33Z INFO JobServerQueue] Try to append 1 batches web console lines for record '8fd2d679-392c-44fa-95f4-00c17f059681', success rate: 1/1.
[2026-09-21 13:34:33Z INFO JobServerQueue] Try to append 1 batches web console lines for record '4eb13648-6f05-42ee-a672-c207084aad8d', success rate: 1/1.
[2026-09-21 13:34:33Z INFO JobServerQueue] Web console line queue drained.
[2026-09-21 13:34:33Z INFO JobServerQueue] Uploading 3 files in one shot.
[2026-09-21 13:34:33Z INFO JobServerQueue] Try to upload 3 log files or attachments, success rate: 3/3.
[2026-09-21 13:34:33Z INFO JobServerQueue] File upload queue drained.
[2026-09-21 13:34:33Z INFO JobServerQueue] Starting results-based upload queue...
[2026-09-21 13:34:33Z INFO JobServerQueue] Uploading 3 file(s) in one shot through results service.
[2026-09-21 13:34:33Z INFO JobServerQueue] Got a step log file to send to results service.
[2026-09-21 13:34:33Z INFO JobServerQueue] Starting upload of step log file to results service ResultsLog, C:\Users\SHAIKH SALAHUDDIN\OneDrive - Noventiq Global AI Solutions Private Limited\Desktop\app service\gha\_diag\blocks\039bac7c-49f1-4ffa-b607-35bd5e6d47b2_8fd2d679-392c-44fa-95f4-00c17f059681.1
[2026-09-21 13:34:34Z INFO JobServerQueue] Got a step log file to send to results service.
[2026-09-21 13:34:34Z INFO JobServerQueue] Starting upload of step log file to results service ResultsLog, C:\Users\SHAIKH SALAHUDDIN\OneDrive - Noventiq Global AI Solutions Private Limited\Desktop\app service\gha\_diag\blocks\039bac7c-49f1-4ffa-b607-35bd5e6d47b2_4eb13648-6f05-42ee-a672-c207084aad8d.1
[2026-09-21 13:34:35Z INFO JobServerQueue] Got a job log file to send to results service.
[2026-09-21 13:34:35Z INFO JobServerQueue] Starting upload of job log file to results service ResultsLog, C:\Users\SHAIKH SALAHUDDIN\OneDrive - Noventiq Global AI Solutions Private Limited\Desktop\app service\gha\_diag\blocks\039bac7c-49f1-4ffa-b607-35bd5e6d47b2_23a8b5ca-cf09-5eb6-8c47-1098aa2b000b.1
[2026-09-21 13:34:36Z INFO JobServerQueue] Tried to upload 3 file(s) to results, success rate: 3/3.
[2026-09-21 13:34:36Z INFO JobServerQueue] Results upload queue drained.
[2026-09-21 13:34:36Z INFO JobServerQueue] Timeline update queue drained.
[2026-09-21 13:34:36Z INFO JobServerQueue] Disposing job server ...
[2026-09-21 13:34:36Z INFO JobServerQueue] Disposing results server ...
[2026-09-21 13:34:36Z INFO JobServerQueue] All queue process tasks have been stopped, and all queues are drained.
[2026-09-21 13:34:36Z INFO TempDirectoryManager] Cleaning runner temp folder: C:\Users\SHAIKH SALAHUDDIN\OneDrive - Noventiq Global AI Solutions Private Limited\Desktop\app service\gha\_work\_temp
[2026-09-21 13:34:36Z INFO HostContext] Well known directory 'Bin': 'C:\Users\SHAIKH SALAHUDDIN\OneDrive - Noventiq Global AI Solutions Private Limited\Desktop\app service\gha\bin'
[2026-09-21 13:34:36Z INFO HostContext] Well known directory 'Root': 'C:\Users\SHAIKH SALAHUDDIN\OneDrive - Noventiq Global AI Solutions Private Limited\Desktop\app service\gha'
[2026-09-21 13:34:36Z INFO HostContext] Well known directory 'Diag': 'C:\Users\SHAIKH SALAHUDDIN\OneDrive - Noventiq Global AI Solutions Private Limited\Desktop\app service\gha\_diag'
[2026-09-21 13:34:36Z INFO HostContext] Well known config file 'Telemetry': 'C:\Users\SHAIKH SALAHUDDIN\OneDrive - Noventiq Global AI Solutions Private Limited\Desktop\app service\gha\_diag\.telemetry'
[2026-09-21 13:34:36Z INFO JobRunner] Raising job completed against run service
[2026-09-21 13:34:37Z INFO Worker] Job completed.
